sourceFirstName,sourceLastName,rmpId,rmpFirstName,rmpLastName
Aaminah O,Durrani,,,
Aaron E,Reynolds,,,
Aaron Frederick,Ott,,,
Aaron James,Corsi,,,
Aaron Mathew,Duplantier,,,
Aaron Michael,Levine,,,
Aaron Nicholas,Drucker,,,
Aaron Ross,McEuen,,,
Aaron Samuel,Freedkin,2675578,Aaron,Freedkin
Aaron Seth,Krohn,,,
Aaron T,Becker,,,
Aaron-Andrew P,Bruhl,,,
Abbas Ali,Daneshy,,,
Abbey H,Simon,,,
Abbey Marie,Bachmann,,,
Abby S,Hodge,,,
Abdel Razzaq,Takriti,2643458,Abdel,Takriti
Abdullah,Al Mamun,,,
Abigail C.,Estillore,,,
Abigail E,Candelari,,,
Abraham Anene,Ntonya,,,
Abu M,Baker,2491956,Abu,Baker
Abul Bashar Mahmud,Hasan,,,
Acho Kelechi,Azuike,,,
Adam C,Hutchison,,,
Adam C,Wells,,,
Adam David,Cowart,,,
Adam Joshua,Stephens,,,
Adam Kent,Fetterman,,,
Adam L,Dinitz,,,
Adam S,Noble,,,
Adam W,Winters,,,
Adam Wayne,Perdue,,,
Adam Zachary,Crosson,,,
Adeline Elizabeth,Pawlick,,,
Adrian Pastor,Lopez Monroy,2444375,Adrian,Lopez-Monroy
Adriana Marcella,Meade,,,
Agnes L,DeFranco,1851907,Agnes,Defranco
Ahmad,Sakhaee Pour,2576806,Ahmad,Sakhaee-Pour
Ahmed A,Alim,1031584,Ahmed,Alim
Ahmed M,Ibrahim,,,
Ahmed Nawal,Ahsan,,,
Aidan John,Smerud,,,
Airy Sindik,Mejia Lara,,,
Aisen Carolina,Chacin,,,
Akilah A,Reynolds,,,
Alaina B,Diehl,,,
Alan Aldo,Veliz-Cuba,1928916,Alan,Veliz-Cuba
Alan D,Lish,,,
Alan E,Hicks,,,
Alan J,Dettlaff,,,
Alan K,Haynes,2192368,Alan,Haynes
Alan M,Thompson,,,
Alan P,Bruton,,,
Alan R,Burns,2284693,Alan,Burns
Alan S,Austin,,,
Alana Dyan,Hatley,,,
Alana Elizabeth,Aleman,,,
Albert B,Flavier,,,
Albert F,Meza,,,
Albert M K,Cheng,,,
Alexa L,Vyain,,,
Alexa Vyain,Zhao,,,
Alexander A,Bruton,2212268,Alexander,Bruton
Alexander C,Hunt,,,
Alexander C,Nazzari di Calabiana Willan,,,
Alexander C,Robinson,,,
Alexander Emmitt Maurice,Johnson,,,
Alexander F,Schilt,,,
Alexander J,Lara,2393089,Alex,Lara
Alexander L,Kaplan,,,
Alexander M,Parsons,,,
Alexander V,Mamonov,,,
Alexander V,Statsyuk,,,
Alexander Wade,Obregon,,,
Alexander William,Tawse,,,
Alexandra Hanson,Treviño,,,
Alexandra Isabel,Naumann,2228002,Alexandra,Naumann
Alexandra L,Whittington,,,
Alexandria E,Castillo,2058014,Alexandria,Castillo
Alexandria Marisol,Posada,,,
Alexandria Simone,Williams,,,
Alexey Valeryevich,Golubev,,,
Alexis Jillian,Hoey,,,
Alexis Jillian,Jamieson,,,
Alexis Lee,Rose,,,
Alfonso,Lopez De La Osa Escribano,,,
Alfonso,Lopez de la Osa Escribano,,,
Alfred G,Coleman,2046093,Alfred,Coleman
Ali K,Kamrani,518869,Ali,Kamrani
Ali N,Dhanani,,,
Ali N.,Dhanani,,,
Alice Talbert,Ledford,,,
Alicia D,Knight,,,
Alicia Graf,Mack,,,
Alisha D,Loftin,,,
Alisha Nicole,McCracken,,,
Alison L,Christy,,,
Alison M,Sulentic,,,
Alison Marie,McDermott,,,
Alison Von Bergen,Wells,,,
Alison W,Leland,,,
Alissa A,James,,,
Alissa N,Christopherson,,,
Alissa R,Gomez,,,
Alix V,Zachow,,,
Allan J,Jacobson,230417,Allan,Jacobson
Allegra Monnee,McGrew,,,
Allison Blair,Martir,,,
Allison L,Milner,,,
Allison L,Robinson,2056331,Allison,Robinson
Allison M,Tringale,,,
Allison Marie Sawyer,Verhaak,,,
Allison Michelle Nam,Archer,,,
Allison N,Clark,,,
Allison N,Winnike,,,
Allison Nicole,Yakel,2251474,Allison,Yakel
Allison Rose,Miller,,,
Allison S,Tsao,,,
Allyson H,Kinzel,,,
Amanda C,Chow,,,
Amanda Cristina,Venta,,,
Amanda E,Child,,,
Amanda H,Dean,,,
Amanda K,Baumle,,,
Amanda Lee,Cobb,,,
Amanda Marie,Belarmino,,,
Amanda Marie,Rudd,,,
Amanda Marie Sanchez,Garza,,,
Amanda P,Schilling,,,
Amanda R,Boyaki Wilson,,,
Amanda Sherron,Barbee,,,
Amanda Sue,Robbins,,,
Amanda Victoria,Ellis,,,
Amanda Wynn,Ware,,,
Amandelin A,Valentine,2457896,Amandelin,Valentine
Ambainesh G,Berhe-Nardari,,,
Amber Gaume,Giannoni,,,
Amber L,Rabo,,,
Amber L,Thiessen,,,
Amber M,Thompson,,,
Amber Mayo,Mollhagen,,,
Amber Papuga,Pozo,,,
Amber Yvonne,Stepanik,,,
Amelia D,Coffman,,,
Amelia Kartikasari,Sofjan,,,
Amelie Benear,Carlton,1107869,Amelie Benear,Carlton
Amit R.,Amritkar,,,
Ammar Muneer A,Aboalsaud,,,
Amna Ansari,Martinez,,,
Amparo Amy,Gasca,,,
Amy D,Mulholland,,,
Amy Elizabeth,Bruce,,,
Amy Elizabeth,Hawk,,,
Amy Elizabeth,Tan,,,
Amy Elizabeth,Wright,,,
Amy K,Cantu,,,
Amy L,Vandaveer,,,
Amy M,O'Neal,,,
Amy P,Lipke,,,
Amy R,Poerschke,,,
Amy S,Nyberg,1968744,Amy,Nyberg
Amy Sladczyk,Hancock,,,
Ana C,Goni-Lessan,,,
Ana Emilia,Felker Centeno,2312586,Ana Emilia,Felker Centeno
Ana I,Medrano,,,
Ana Linda,Sergio Da Silva,,,
Ana M,Perez,,,
Ana Maria,Otamendi,2023415,Ana Maria,Otamendi
Anastas F,Pass,,,
Anders M,Strom,,,
Anderson Okechukwu,Okonkwo,,,
Andra Olivia,Miljanic,2204179,Andra,Miljanic
Andre,Cardoso Barato,2506950,Andre,Barato
Andrea Backscheid,Burridge,,,
Andrea E,McDonald,,,
Andrea Gail,Lazar,,,
Andrea Kathryn,Eckelman,1998574,Andrea,Eckelman
Andrea L,Potthoff,,,
Andrea Nicole,Brooks,,,
Andreea Emanuela,Sutu,,,
Andrei S,Torok,,,
Andres A,Utting,2540026,Andres,Utting
Andres Felipe,Roa,,,
Andres G,Viana,2171624,Andres,Viana
Andrew C.,Davis,,,
Andrew Charles,Michaels,,,
Andrew D,Brown,,,
Andrew D,Szilagyi,227038,Andrew,Szilagyi
Andrew E,Nelson,,,
Andrew H,Rogers,2693359,Andrew,Rogers
Andrew J,Gordon,,,
Andrew J,Ostlund,,,
Andrew Jeremy,Slaughter,,,
Andrew John,Grant,,,
Andrew Jones,Kinzler,,,
Andrew Joseph,Pegoda,1396106,Andrew,Pegoda
Andrew Justin,Kudless,,,
Andrew L,Hamilton,2399343,Andrew,Hamilton
Andrew Lewis,Hines,,,
Andrew Lonnie,Sikes,,,
Andrew M,Kozma,,,
Andrew P,Daire,,,
Andrew Paul,Staupe,,,
Andrew Philip,Weinstein,2701642,Andrew,Weinstein
Andrew S,Rosenblatt,,,
Andrew Trent,Shefman,,,
Andrew W,Vrana,,,
Andrey Vladimirovich,Skripnikov,,,
Anees A,Banday,1330240,Anees,Banday
Angela C,Geurin,,,
Angela Cristina,Contreras de Wise,,,
Angela L,Miller,,,
Angela L,Richardson,,,
Angela M,Brown,,,
Angela M,Powell,,,
Angela Suzanne,Odensky,,,
Angela Vanessa,Velasquez,,,
Angelica Marie,Roncancio,,,
Angelo Michael,DiBello,,,
Angelynn Reario,Alvarez,2065313,Angelynn,Alvarez
Angie Sue,Leroy,2087879,Angie,Leroy
Angus J,MacNeil,,,
Anima B,Bose,1894224,Anima,Bose
Anita M,Kerin,,,
Anita Ranae,Schulte,,,
Anita Ruth,Perez,,,
Anita Ticak,Gostovic,,,
Anjali H,Kanojia,,,
Anka Anna,Vujanovic,,,
Ann C,Christensen,1288056,Ann,Christensen
Ann Carol,Svendsen-Sanchez,,,
Ann E,Webb,2423376,Ann,Webb
Ann Gabriel,Kroger,,,
Ann M,Economou-Clarke,,,
Ann Oliver,Cheek,,,
Ann T,Tate,,,
Anna C,Langley,1971627,Anna,Langley
Anna Felicia,Ablamowicz,,,
Anna M,Archer,,,
Anna Marie,Anderson,,,
Anna Marisa,Schoen,2641093,Anna,Schoen
Anna P,Newman,,,
Anna Patricia,Hawkins,,,
Anna W,Mayer,,,
Anna-Kaye M,Logan,,,
Anne C,Reitz,,,
Anne C.,Reitz,,,
Anne D,Colbert,,,
Anne Douglas,Selcer,,,
Anne J,Gonzales-Luna,,,
Anne M,Sullivan,,,
Anne M,Tucker PhD,,,
Annetta L,Lasley,2322921,Annetta,Lasley
Annetta L.,Lasley,,,
Annette M,Fuller,1886444,Annette,Fuller
Annette M.,Fuller,1886444,Annette,Fuller
Annette Michelle,Zapata,,,
Annie A,Arnoult,,,
Annie Lynn,Smalley,,,
Anthony C,Tangeman,,,
Anthony G,Dworkin,,,
Anthony Giraud,Chevalier,,,
Anthony J,Box,2565562,Anthony,Box
Anthony M,Pearson,,,
Anthony Martin,Aucoin,,,
Anthony Michael,Indelicato,,,
Anthony Ray,Chase,,,
Anthony Robert,Timmins,,,
Anthony Robert,Zupancic,,,
Anthony T,Kitai,,,
Anthony V,Caterina,,,
Antoine M,Lebeaut,,,
Antonio Coronel,Elefano,,,
Antwanette Norbert,Hill,,,
April Ann,Strahan,,,
April Chevelle,Day,,,
April Lyman,Williams,,,
April M,Rumgay,,,
Arch Andrew,Sawyer,,,
Archie L,Blanson,,,
Arielle Lanae,Akines,,,
Arlene D,Ramirez,,,
Arnea Kendrea,Williams,,,
Arnold,Rochvarg Ross,,,
Arnold C,Ross,,,
Arnold M,Guloy,,,
Arthur B,Weglein,,,
Arthur D.,Santana,1940574,Arthur,Santana
Arthur Herman,Hale,,,
Arthur John,Francia,,,
Arthur M.,Dula,,,
Arthur Ray,McCrory,,,
Arturo E,Hernandez,,,
Ashley D.,Mills,,,
Ashley Delara,DeHoyos,,,
Ashley Elizabeth,Fox,,,
Ashley L,Dewalt,,,
Ashley L,Wurzbacher,,,
Ashley Lewis,Dewalt,,,
Ashley Louis,DeWalt,,,
Ashley Marie,Salaiz,2121382,Ashley,Salaiz
Ashley Marissa,Ochoa,,,
Ashley Nicole,Arrington,,,
Ashlie Meghan,Contos,,,
Ashlie Victoria,Llorens,,,
Audra Diane,Ude PhD,,,
Audrey A,Colombe,,,
Augustina C,Lozano,,,
Auliya Judith,Flory,,,
Austin Isaac,De La Cruz,,,
Austin S,Brake,,,
Austin T,Tremblay,,,
Autumn Fawn,Raynor,,,
Autumn L,McIlraith,,,
Ava King,Humme,,,
Avery Vonn,Kenyatta,,,
Ayana R,Abdallah,,,
Aza R,Pace,,,
Azizah Curry,Iluore,,,
Bailey S,Stone,227471,Bailey,Stone
Bakeyah Shameen,Nelson,,,
Bal Krishna,Bal,2104259,Bal,Bal
Barbara A,Carlin,,,
Barbara Jean,Stalder,,,
Barbara L,Stewart,,,
Barbara Rose,Lange,,,
Barbara V,Rivas,,,
Barbett L,Brashear,,,
Barry Albert,Wood,,,
Barry Gabriel,Martinez,,,
Barry Jon,Shaulis,,,
Basheer M,Khumawala,,,
Beatriz,De Angulo,,,
Beau Andrew,Alward,,,
Bec Sokha,Keo,,,
Belinda Gayle,Amaya,2248434,Belinda,Amaya
Belinda J,Hill,,,
Ben H,Jansen,,,
Ben L.,Aderholt,,,
Benjamin Alan,Alcaraz,,,
Benjamin J,Tamber-Rosenau,,,
Benjamin Kaj,Tanaka,,,
Benjamin P,Good,,,
Benjamin S,Carpenter,,,
Benjamin Singh,Soibam,,,
Benjamin Taylor,Rayder,,,
Benjamin W,Hadden,,,
Bent E,Sorensen,,,
Beom Chan,Lee,2015867,Beom,Lee
Bernadette De Leon,Asias-Dinh,,,
Bernard J,McIntyre,,,
Bernard R,Robin,,,
Bernhard G,Bodmann,1928923,Bernhard,Bodmann
Bernice A,Heilbrunn,,,
Beth Anne,Hattier,,,
Beth M,Olson,,,
Bethanie Catherine,Pletcher,,,
Betsabeth Monica,Lugo Lopez,,,
Betsy L,Gelb,,,
Betty Harden,Shaw,,,
Betty J,Proctor,,,
Beverly A,McPhail,,,
Beverly Ann Ryan,Robertson,,,
Beverly F,Barrett,,,
Beverly J,Rodgers,,,
Beverly J.,Rodgers,,,
Beverly M,Brown,2473761,Beverly,Brown
Bhargav Ram,Karamched,,,
Bhavin R.,Sheth,,,
Biko Mandela,Gray,1979114,Biko,Gray
Billy J,Hawkins,,,
Billy Scott,Reed,,,
Binay,Anand PhD,,,
Binod K,Sapkota,,,
Blaine A,Lewis,,,
Blaine J,Cole,,,
Blake A,Allan,,,
Blake M,Wilkins,,,
Blake Stevens,Mudd,,,
Bob A,Hardage,,,
Bobbie A,Dirr,,,
Bobbie Sue S,Schindler,2346556,Bobbie,Schindler
Bobby Dwight,Butler Jr,,,
Boblawende Jean,Kabore,,,
Bolivar M,Fraga,,,
Bonnie Jean,Byrne,,,
Bonnie Jeanne,Dunbar,,,
Brad A,Swarts,,,
Brad T,Wyly,,,
Bradford M,Day,,,
Bradley Alexander,Kerl,,,
Bradley Allan,Areheart,,,
Bradley D,Miller,,,
Bradley K,McConnell,,,
Bradley W,Carpenter PhD,,,
Brandie L,Mitchell,,,
Brandie Nichole,Rankin,,,
Brandin A,Munson,,,
Brandin Andrew,Munson,,,
Brandon Dean,Lamson,2183496,Brandon,Lamson
Brandon Francis,Renken,,,
Brandon J,Carlos,,,
Brandon J,Rottinghaus,,,
Brandon Keith,Carroll,,,
Brandon Scott,Greenfield,2488347,Brandon,Greenfield
Brandon W,Duke,,,
Brandwyn C,Lerman,,,
Brandy Michelle,Pina-Watson,,,
Brant Alan,Johnson,,,
Bredo C,Johnsen,,,
Brendan C,Stephens,,,
Brenden C,Oliva,,,
Brent Robert,LoCaste-Wilken,,,
Bret James,Detillier,,,
Brett Andrew,Singer,,,
Brett Duane,Linski,,,
Brett J,Geiger,,,
Brett T,Olmsted,,,
Brian Anthony,Apicella,2629285,Brian,Apicella
Brian B,McWilliams,2471146,Brian,McWilliams
Brian C,Mahon,,,
Brian Darnell,Biekman,,,
Brian Edward,Malechuk,,,
Brian George,Mehring,,,
Brian J,Knoll,,,
Brian J,Suits,,,
Brian Keith,Kauk,,,
Brian Lee,Compton,,,
Brian M,Walker,1779073,Brian,Walker
Brian N,Iken,,,
Brian R,Duncan,,,
Brian R,Gaudet,,,
Bridget Yvonne Diggs,Fernandes,,,
Bridgette V,Rooney,,,
Bridgette Veronica,Rooney,,,
Bridgid Jane,Tragesser,,,
Brittany Anne,Ruhmann,,,
Brittany C,Slatton,,,
Brittany Chevon,Slatton,,,
Brittany L,Hancock,1809023,Brittany,Hancock
Brittney Donielle,Pettis,,,
Brittney Eileen,Thomas,2373630,Brittney,Thomas
Brooke A,Bartlett,,,
Brooke E,Medina,,,
Brooks W,Howell,,,
Bruce A,Hunt,,,
Bruce Alan,Race,,,
Bruce E,Onofrey,,,
Brunessia W,Lewis,,,
Brunessia Wilson,Lewis,,,
Bruno,Rios Martinez De Castro,,,
Bruno,Rios Martinez de Castro,,,
Bruno G,Breitmeyer,,,
Bryan C,Butler,,,
Bryan M,Artman,,,
Burnis Charles,Peters,1442669,Burnis (charles),Peters
Byron Ernst,Hanssen,,,
Byron Kendall,Freelon,2637416,Byron,Freelon
Byron L,Ross,,,
C Brene,Brown,,,
C Mauricio,Escobar,,,
Caitlin Ginn,Weiss,2290625,Caitlin,Weiss
Caitlin Mary,Maling,,,
Cal M,Hitchman,,,
Cal M,Hitchman Sr,,,
Calvin E,Pepper,,,
Cameron J,Buckner,,,
Cameron Kade,Kubos,2188820,Cameron,Kubos
Cameron Scott,White,,,
Camilla Stine,Overup,,,
Camille Erika,Kapoor,,,
Camilo Hannibal,Smith,2607760,Camilo,Smith
Cammy Henson,Dunford,,,
Candice A,Alfano,2324452,Candice,Alfano
Candice R,Ashley,,,
Caralee Georgianna,Jones-Obeng,,,
Carey Ann,Worrell,,,
Carey David,Hargrove,,,
Carl A,Boger Jr,,,
Carl Chapman,Welch,,,
Carl Chet,Miller,,,
Carl E,Taylor,,,
Carl P,Carlucci,,,
Carl P,Scott,,,
Carl R,Lindahl,,,
Carla D,Jones,,,
Carla Denise,Ferrell,,,
Carla M,Burris,,,
Carley M,Shinault,,,
Carlo M,Cotrone,,,
Carlos A.,Ortega,,,
Carlos Alberto,Ortega,,,
Carlos Alberto,Rincon Castro,,,
Carlos David,Martinez,,,
Carlos Eduardo,Romero,,,
Carlos Fernando,Cuellar,,,
Carlos L,Cantu,,,
Carlos M.,Ortiz Marrero,,,
Carlos R,Phillips II,,,
Carlos Raidel,Naranjo,,,
Carlos Virgilio,Zurita,,,
Carlton M,Downey,,,
Carly M,Jones,,,
Carmen Christine,Borrett,,,
Carmen M,Alston PhD,,,
Carmen M,Roe,,,
Carmen M.,Alston PhD,,,
Carmen Melanie,Champion,,,
Carol A,Booth,,,
Carol Ann,Dwyer,,,
Carol B,Cooper,,,
Carol B,Stach,,,
Carol B.,Cooper,,,
Carol Barclay,Brace,,,
Carol Louise,Harkness,,,
Carol M,Markello,,,
Carol Mae Green,Markello,,,
Carole Jean,Poindexter-Sylvers,,,
Carole Peterson,Goodson,,,
Carolina A,Villarroel,,,
Carolina E.,Alonso,,,
Caroline E,Baker,,,
Caroline Frances,Goeser,,,
Caroline Gray,Sharpless,,,
Caroline Susan,Roberts,,,
Carolyn A,Miles,,,
Carolyn Ann,Lightfoot,,,
Carolyn Houston,Boone,,,
Carolyn Jane,Hays,,,
Carolyn Jo,Kundiger,,,
Carolyn R,Carman,,,
Carrie Allyson,Schaff,,,
Carrie Elizabeth,Goodin-Mayeda,,,
Carrie Reid,Young,2506077,Carrie,young
Carrie Sybil,Cutler,,,
Carter L,Franklin II,,,
Caryn A,Honig,,,
Caryn M,Tamber-Rosenau,,,
Casey L,Due Hackney,,,
Cassandra,Jeu Tebbano,,,
Cassandra Giana,Khatri,,,
Catherine Burch,Graham,,,
Catherine E,Jockell,,,
Catherine F,Patterson,,,
Catherine K,Weber,1935531,Catherine,Weber
Catherine L,Hammack,,,
Catherine L,Hatfield,,,
Catherine L,Turk,,,
Catherine Lynn,Horn,,,
Catherine Mary,Cosgrove,,,
Cathryn Walker,White,,,
Cathy A,Cheatham,1857357,Cathy,Cheatham
Cathy Dawn,Poliak,,,
Cathy Denise,Rushing,,,
Cathy L.,Kemper,,,
Cathy Michelle,Williams,,,
Cathy S,Hunt,,,
Cathy Susan,McCormack,,,
Cecil J,Bendy Jr,,,
Cecilia C,Felix,2641458,Cecilia,Felix
Cecilia Marie,Williams,,,
Cedrick E,Toliver,,,
Cedrina Knight,Averette,,,
Celeste P,Woodfill,2630464,Celeste,Ponce-Woodfill
Celeste Ponce,Woodfill,2630464,Celeste,Ponce-Woodfill
Celine Madeleine Alice,WILSON,,,
Cesar A,Seveso,,,
Chad A,Wilson,,,
Chad Alan,Disch,,,
Chad M,Jones,1785517,Chad,Jones
Chad M,Wayne,,,
Chad R,Larson,,,
Chad T,Dolan,,,
Chan Q,Huynh,,,
Chandra R,Hall,,,
Chanelle Marie,Benz,,,
Charis Renee,Ammon,,,
Charissa Alexandra,Samaniego,,,
Charles A,Crixell,,,
Charles Andrew,Zuppann,,,
Charles Arthur,Thorp,,,
Charles D,Becker,,,
Charles D,Brown,,,
Charles Damian,Shaw,,,
Charles David,Mills,,,
Charles David,Pereira,,,
Charles E,Dupre,,,
Charles Edward,Allen,,,
Charles Eugene,Beyl,,,
Charles G,Cooper,,,
Charles Heller,Brownman,,,
Charles Herbert,Lea III,,,
Charles J,Jacobus,2465723,Charles,Jacobus
Charles L,Halka,,,
Charles M,Cook,,,
Charles M,McArthur,1464965,Charles,McArthur
Charles M,Penland,,,
Charles Orson,Cook,,,
Charles P,Brandt,1903278,Charles,Brandt
Charles R,Eskridge,,,
Charles S,Hausmann,,,
Charles S,Layne,,,
Charles Stephen,Maule,,,
Charles T,Tucker,79921,Charles,Tucker
Charles W,Irvine,,,
Charles W,Schwartz,,,
Charles William,Alcorn,,,
Charlotte Lynn,Carp,,,
Chelsea Gilts,Ratcliff,,,
Chelsea T,Price,,,
Chereece N,Andrews,,,
Cheryl A,Beckett,,,
Cheryl Ann,Brock,,,
Cheryl J,Craig,,,
Cheryl L,Brohard,,,
Cheryl L,Willis,,,
Cheryl Lynn,Sershen,,,
Cheryl S,Latiolais,1893373,Cheryl,Latiolais
Cheryl Turner,Henry,,,
Chester D,Rowell,,,
Chestin Trevette Auzenne,Curl,,,
Chi Chung,Chang,2404735,Chi,Chang
Chi Hung,Kang,2240416,Chi-Hung,Kang
Chi Liang,Yu,1941499,Chi-Liang,Yu
Chiaki K,Johnson,,,
Chiara,Colombi PhD,,,
Chien Wei,Ho,,,
Chin Sen,Ting,,,
Chinelo I,Okparanta,,,
Ching Wu,Chu,,,
Ching Yee,Wong,2477488,Ching Yee,Wong
Chinmaya Chandra,Gupta,,,
Chitra B,Divakaruni,,,
Chloe Louise,Walker,,,
Chon Kit,Ao,1897323,Chon Kit,AO
Chowdhury Shahjahan,Kabir,,,
Chrisoula Mouliatis,Gonzales,,,
Christian Adam,Bancroft,,,
Christian J,Fowler,,,
Christian Michael,Stewart,,,
Christin Diane,Baker,,,
Christina Ann,Nelson,,,
Christina E,Miyawaki,,,
Christina L,Sisk,2031790,Christina,Sisk 
Christina M,Ortiz,2488867,Christina,Ortiz
Christina M.,Beeler,,,
Christina Nadene,Hughes,,,
Christine A.,Ehlig-Economides,,,
Christine D.,Kwiastkowski Starkman,,,
Christine E,Beaudry,,,
Christine J,So,2535807,Christine,So
Christine River,Bakos-Block,,,
Christo S,Karunananthan,,,
Christoph F,Eick,,,
Christopher A,Oliver,,,
Christopher Arthur,Clarke,,,
Christopher B,Murray,,,
Christopher Brean,Murray,,,
Christopher D,Barr,,,
Christopher D,Heard,,,
Christopher D,Morton,,,
Christopher Domh,Mag Uidhir,,,
Christopher E,Burton,,,
Christopher E,Ross,,,
Christopher Garrett,Morales,,,
Christopher J,Wallace,,,
Christopher John,Biolsi,,,
Christopher Lorenzo,Longwood,,,
Christopher M,Brunt,1931385,Christopher,Brunt
Christopher Michael,Smith,,,
Christopher N.,Robertson,,,
Christopher Noel Eric,Hutchinson,,,
Christopher P,Haight,,,
Christopher P,Switzer,,,
Christopher P.,Switzer,,,
Christopher Rawlins,Hutchison,,,
Christopher Temple,Northup,,,
Christos O,Angelides,,,
Christy L,Shell,,,
Chun han,Chen,,,
Cierra Frances,Linander,,,
Cindi Lee,Evans,,,
Cindy Lee,Picazo,,,
Cindy Teresa,Lisica,,,
Claire E,Hatkevich,,,
Claire F,Anderson,,,
Clara Grace,Hoag,,,
Clare Patricia,Simcox,,,
Claremarie H,Verheyen,,,
Claremarie H,Verheyen PhD,,,
Clarence P,Buist,,,
Claudia I,Baba,,,
Claudia Patricia,Siller Garcia,,,
Claudia W,Scott,,,
Claudine A,Giacchetti,,,
Clay F,Guinn,,,
Clayton T,Neighbors,,,
Clifford A,Bearden,,,
Clifford A,Mangano,,,
Clifford R,Knee,,,
Clint Michael,Allen,,,
Clinton T,Fish,,,
Cody James,Bok,,,
Colin M,Sayers,,,
Colin Nichols,Haile,,,
Colleen C,Gleeson,,,
Colleen Elizabeth,Martin,,,
Colleen Marie,Mukavitz,,,
Colton Lawrence,Keo-Meier,,,
Connor James,Lubojacky,,,
Conor James,Bracken,,,
Conra D.,Gist,,,
Conrad Michael,James,2476960,James,Conrad
Consuelo L,Waight,,,
Cora Morgan,Bigwood,2149776,Cora,Bigwood
Cord Alexander,Bowen,,,
Corey E,Campbell,,,
Corey Edward,Devine,,,
Corey L,Reynolds,,,
Cortney Lynne,Norris,,,
Cory Dewitt,Meals,,,
Cory James,Lafevers,,,
Courtney D,Jones,,,
Courtney Leigh,Young,,,
Craig Allen,Johnston,,,
Craig D,McAndrews,,,
Craig Duane,Wernecke,2029411,Craig ,Wernecke
Craig Len,Glennie,,,
Craig Leonard,Jackson,,,
Craig Steven,Mullenix,,,
Craig Warren,Crowe,,,
Crisarla S.,Houston,,,
Criseida,Santos Guevara,2522221,Criseida,Santos Guevara
Cristina,Rivera Garza,,,
Cristina Elena,Mendoza,,,
Crystal Benoit,Tewes,,,
Crystal D,Wiggins,2123581,Crystal,Wiggins
Crystal Latanya,Edwards,,,
Curt F,Tueffert,,,
Curtis W,Haaga,,,
Curtiss Anthony,Chapman,,,
Cynthia A,Freeland,,,
Cynthia Elizabeth,Olmedo,,,
Cynthia F,Reibenstein,,,
Cynthia K,Lara,2338286,Cynthia,Lara
Cynthia L,Clayton Vasquez,,,
Cynthia S,Frewen-Wuellner PhD,,,
Cyrus A.,Saatsaz,,,
Cyrus Ali,Contractor,,,
Cyrus Brohier,Parks,,,
D Rudolph,Black,,,
D'Jalon Jackson,Bell,,,
Da' Vonte,Lyons,,,
Dale E,Bird,,,
Dalia Rivera,Pineda,,,
Damith Gomika,Udugamasooriya,,,
Dan C,Jones,,,
Dan T,Ramey,,,
Dana B,Padgett,,,
Dana M,Frankfort,,,
Dana S,Pradervand,,,
Danica J,Marrelli,,,
Daniel A,Carr,,,
Daniel A,Engster,,,
Daniel A,Tesfai,,,
Daniel Bernard,Poll,,,
Daniel Boris,Levin,,,
Daniel Borsodi,Araya,,,
Daniel Bruce,Mauldin,,,
Daniel Bryant,Imrecke,,,
Daniel C,Gelok,,,
Daniel David,Cherdack,2417864,Daniel,Cherdack
Daniel David,Currie,,,
Daniel E,Frigo,,,
Daniel Edward,Biediger,,,
Daniel Edward,Frigo,,,
Daniel Fernando,Castro Pantoja,,,
Daniel Gil,Cardoza,,,
Daniel Harris,Kroll,,,
Daniel I,Morales,,,
Daniel Irvin,Coleman,,,
Daniel J,Coates,2302595,Daniel,Coates
Daniel J,Cunningham,,,
Daniel J,Hunt,,,
Daniel J,Ingels,2374209,Daniel,Ingels
Daniel Joseph,Monreal,,,
Daniel Joseph,Paulus,,,
Daniel M,Horwitz,,,
Daniel M,Mendiola,2115403,Daniel,Mendiola
Daniel M,Price,,,
Daniel M.,Maxwell,,,
Daniel Nelson,Powell,,,
Daniel P.,O'Connor,,,
Daniel Patrick,O'Connor,,,
Daniel Paul,Garbarino,,,
Daniel Peter,Kennedy,,,
Daniel Phillip,Haas,,,
Daniel R,Coates,,,
Daniel R,Powell,,,
Daniel T,Chu,,,
Daniel T,Onofrei,,,
Daniel Tony,Dib,,,
Daniel W,Burleson,,,
Daniel W,Davis,,,
Daniel William,Hauptvogel,2070615,Daniel,Hauptvogel
Daniel Yaakov,Gavin,,,
Daniel Z,Sternthal,,,
Daniella,Zakhour Manriquez,1968967,Daniella,Manriquez
Daniella D,Landers,,,
Daniella M,Mascarenhas,2192709,Daniella,Mascarenhas
Danielle Aldea,Hodgins,2313500,Danielle,Hodgins
Danielle Marks,Dworaczyk,,,
Danielle R,Devore,,,
Danielle Renee,Devore,,,
Danielle Rose,Brady,,,
Danny S,Vinson,,,
Daragh J,Carter,,,
Daragh J.,Carter,,,
Darlene Marie  Bohac,Serrato,,,
Darryl E,Ewing,,,
Daryl Allen,Robinson,,,
Dashaini V,Retnasothie,,,
Dashiel J,Geyen,,,
David A,Barber,2072153,David ,Barber
David A,Berntsen,,,
David A,Chaumette,,,
David A,Nikityn,,,
David A,Stayshich,,,
David A,Wallace,,,
David A,White,,,
David A.,Stayshich,,,
David Alejandro,Llanos Paez,1917263,David,Llanos-Páez
David Allen,Brenner,,,
David Andres,Buchuk Gomez,,,
David Andrew,Kahn,,,
David Avari Patrick,Womble,,,
David B,Cook,,,
David B,McKinney,1844685,David,McKinney
David Benjamin,Gerger,,,
David C,Fehling,,,
David C,Klingensmith,,,
David C,Taylor,,,
David C.,Talavera,,,
David D,Farr,,,
David De Jesus,Gonzalez,2018367,David ,De Jesus Gonzalez
David Duane,Disiere,,,
David E,Edwards,2345694,David,Edwards
David Earl,Harrell Jr,,,
David Garry,Bertman,,,
David H,Papell,,,
David Hillel,Melasky,,,
David Hobson,Wagner,,,
David J,Francis,,,
David J,Rioux,,,
David Joseph,McNally,,,
David K,Phillips,,,
David L,Crawley,,,
David L,Crump,,,
David L,Jacobs,,,
David M,Hoffman,,,
David M,Mott,843845,David,Mott
David M,Sylvia,,,
David M,Tiede,,,
David Matthew,Mayerich,,,
David Morrow,Guthrie,,,
David O,McHam,,,
David P,Blecher,,,
David P,Cunningham,,,
David P,Huynh,,,
David P,Shattuck,,,
David Patrick,Sheppard,,,
David Paul,Sackett,,,
David Preston,Tucker,,,
David Price,Winston,,,
David R,Dow,,,
David R,Jackson,,,
David R,Keyes,,,
David R,McLendon,,,
David Ralph,Long,,,
David Rick,Temple,,,
David S,Mazella,,,
David T,Stevens,,,
David T.,Sanchez,,,
David V,Rypien,,,
David Valentin,Flores,,,
David W,Brashear,,,
David W,Clemmer,,,
David W,Walsh,2087483,David,Walsh
David Wayne,Hightower,,,
David William,Kelley,,,
David Wright,Hawes,,,
David Y,Kwok,,,
Dawit Okubatsion,Woldu,,,
Dawit Tadesse,Gebremichael,,,
Dawlat Sami,Yassin,,,
Dawn Adalyn,Butler,,,
Dawn Adalyn,Whitten,,,
Dawn Marie,Westfall,,,
Dean C,Rietz,,,
Dean G,Coutris,,,
Deanna L,Dick,,,
Debbie Z,Harwell,,,
Debora Frigi,Rodrigues,,,
Deborah C,Otteson,,,
Deborah C,Salvo,,,
Deborah L,Bridges,,,
Deborah M.,Long,,,
Debra B,Norris,,,
Debra C,Currie,,,
Debra Dahle,Janis,,,
Debra I,Mayfield,,,
Debra J,Catlett,,,
Debrah E Hall,Bossin,,,
Deena Clair,Hill,,,
Deepa S,Reddy,,,
Deidre E,Wahn,,,
Deidre L,Brooks,,,
Dell Charles,Toedt III,,,
Delores Michele,Hendrix-Giles,,,
Demetre J,Economou,,,
Demetrius W,Pearson,,,
Dena Hurwitz,Rhodes,,,
Dena Kay,Thompson,,,
Dena L,Fisher,,,
Dena M,Linda,,,
Deniece Roschele,Christ-Rice,,,
Denis George,Ducran,,,
Denise A,Boyd,,,
Denise M,Kinsey,2274518,Denise,Kinsey
Denise M,Millstein,,,
Denise M,Patrick,,,
Denise M.,Patrick,,,
Denney L,Wright,,,
Dennis Edward,Reynolds,,,
Dennis J,Parle,,,
Dennis J,Whittaker,,,
Dennis Louis,Sherman,2391588,Dennis,Sherman
Dennis T,Kao,,,
Denton Thomas,Davies,,,
Derek,De La Pena,1919500,Derek,Pena
Derek D,Szafranski,1587508,Derek,Szafranski
Derek Reynold,Avery,,,
Derek Ryan,Witucki,,,
Deresha Dashun,Gibson,,,
Derrick Bryan,Carson,,,
Derrick Earl,Gabriel,,,
Desiree Gretchen,Hickman,,,
Desiree Lyn,Phillips,,,
Detra DeVerne,Johnson PhD,,,
Devan S,Ford-McCartney,,,
Devin K,Dozier,2664897,Devin,Dozier
Devin Kaif,Kenny,,,
Dhanushka Arunasiri,Peru Durayalage,,,
Dhara Divyang,Surati,,,
Dhara Nilesh,Shah,,,
Diana,De La Rosa-Pohl,729505,Diana,De La Rosa-Pohl
Diana Eufemia,Reyes Ferrufino,,,
Diana J,Davis,,,
Diana L,Keosayian,,,
Diana Shu-Lian,Chow,,,
Diane A,Schaub,,,
Diane C,Wiernasz,,,
Diane G,Thomas,,,
Diane M,McManus,,,
Dianne Lynn,Gross,,,
Dietrich E,Vollrath,,,
Dimitrios Georgios,Hatzignatiou,,,
Dimuthu Nuwan Ratna,R Ekanayaka Wasala Mudiyanse R,,,
Dino Enrique,Piacentini,,,
Dion C,Ramos,,,
Dionne Antronett,Walker,,,
Dirk Jon,Smith,,,
Divya A,Varkey,,,
Don B,Carmichael,2397119,Don,Carmichael
Don M.,Coltart,,,
Donald A,Fox,,,
Donald Andrew,Godfrey,2653417,Donald,Godfrey
Donald C,Morris,,,
Donald H,Bellman Jr,,,
Donald J,Foss,,,
Donald J,Kouri,,,
Donald R,Wilton,,,
Donald S,Van Nieuwenhuise,,,
Donald Theodore,Rave,,,
Donece Lynn,Knudsen,,,
Dong Hun,Lee,,,
Donna Carol,Murphy,,,
Donna Jean,Reid,,,
Donna K,O'Kelley,,,
Donna K,O'kelley,,,
Donna K.,Amtsberg,,,
Donna Marie,Chatham,,,
Donna Odle,Smith,,,
Donna S,Clark,,,
Donte Travon,Boyd,,,
Dorota M.,Biczel,,,
Dorothy Chappell,Dean,,,
Douglas A,Erwing,2061341,Douglas,Erwing
Douglas B,Postek,2072156,Douglas,Postek
Douglas C,Eikenburg,,,
Douglas Eugene,Koger,,,
Douglas Keith,Moll,,,
Drake A,Vanegdom,,,
Drury D,Stevenson,,,
Duane Howard,Larson,2419567,Duane,Larson
Duc Nang,Tran,,,
Duncan Foster,Klussmann,,,
Duong Bach,Nguyen,,,
Dustin W,Rynders,,,
Dustin W.,Rynders,,,
Dustine J,Thomas,,,
Dusya M,Vera,,,
Dvijesh J,Shastri,,,
Dwight D,Beadle,2428327,Dwight,Beadle
Dylan DeBock,Conner,,,
Dylan Samuel,Domel-White,,,
Eamon R,Carmody,,,
Earl J,Charlson,,,
Earl James,Ritchie Jr,,,
Earl Leo,Smith,,,
Earline Gale,Moreland,,,
Ed V,Hungerford,,,
Edgar A,Bering,,,
Edgar Dee,Quaid,,,
Edgar Mauricio,Vargas Blanco,2011308,Edgar Mauricio,Vargas Blanco
Edie A,Furniss,,,
Edna Q,Claus,,,
Edna Viviana,Velasquez,,,
Edrel Z,Stoneham,2451576,Edrel,Stoneham
Edson,Silveira Sobrinho,,,
Edtrina Latrice,Moss,,,
Edward A,Blair,,,
Edward A,Hirs,,,
Edward Anthony,Dorsa,,,
Edward C,Nathan,,,
Edward F,Gallagher,,,
Edward John,Kroger,,,
Edward Kurtt,Muffoletto,,,
Edward P,Fuchs,,,
Edward P,Kao,,,
Edward P,Sheridan,,,
Edward T,Crowley,,,
Edwin,Carrasquillo M,,,
Edwin A,Smith III,,,
Edwin E,Aiman,,,
Ekaterini D,Kourentzi,,,
Ekere James,Essien,,,
Elaine C,Fernandez,,,
Elaine J,Savoy,,,
Elaine Meichen,Liu,,,
Eleanor Beavers,Haynes,,,
Eleanor M,Boudreau,,,
Eleanore S,Tyson,,,
Elebeoba E,May,,,
Elena L,Grigorenko,,,
Elena V,McGee,,,
Elicia E,Garcia,,,
Elisa Ann,Garza-Leal,,,
Elise L,Wagner,,,
Elise Nicole,Weber,,,
Elizabeth,Anderson Fletcher,,,
Elizabeth A,Barnes,,,
Elizabeth A,Burris Garner,,,
Elizabeth A,Goodrich,,,
Elizabeth A,Kessler,1781633,Elizabeth,Kessler
Elizabeth A,Knighton,,,
Elizabeth A,Lyons,,,
Elizabeth A,Ostrowski,1844442,Elizabeth A,Ostrowski
Elizabeth Alexandra,Woods,,,
Elizabeth Ann,Cordill,,,
Elizabeth Ann,Maddeaux,,,
Elizabeth Ann,Rodwell,,,
Elizabeth Ann,Slator,,,
Elizabeth Ann,Whalen,,,
Elizabeth Blomstedt,Keating,,,
Elizabeth Coyle,Rogers,,,
Elizabeth Ennis,Winston,,,
Elizabeth G,Marrin,,,
Elizabeth I.,Trujillo,,,
Elizabeth J. T.,Campbell,,,
Elizabeth Lynne,Lee,,,
Elizabeth Mcdill,Stukes,1996940,Elizabeth,Stukes
Elizabeth Nicole Simas,Marcinek,,,
Elizabeth Paige,Pitman,,,
Elizabeth R,Kaufman,,,
Elizabeth Renee,Borik,,,
Elizabeth Stukes,Martinez,,,
Elizabeth Theresa,Huete,,,
Elizabeth Wayne,Higgs,,,
Ellen Warren,Terry,,,
Eloisa G,Delaparra,,,
Elverine F,Felton,,,
Emanuel Ioannis,Papadakis,,,
Emeka N,Ihuarulam,,,
Emeka Nicodemus,Ihuarulam,,,
Emelie M,Griffin,,,
Emilia,G Barreto de Carvalho,,,
Emilie Roberta,Koenig,,,
Emily A,Peacock,,,
Emily A,Warren,2256323,Emily,Warren
Emily Alice,Messa,,,
Emily Avalon,Barton,,,
Emily Claire-Pyle,LaVoy,,,
Emily Denise,Bernate,,,
Emily E,Moore,2423222,Emily,Moore
Emily Elizabeth,Whaley,,,
Emily Jane,Beverly,2608008,Emily,Beverly
Emily P,Walton,,,
Emily Rose,Bolon,,,
Emily Ruth,Wold,,,
Emily Woolard,Lawson,,,
Emire Cihan,Yuksel,,,
Emire Cihan,Yuksel Muslu,,,
Emma C,Perez,,,
Emma C,Woodward,,,
Emmanuel Michael,Spartalis,,,
Eric,Campos Canton,,,
Eric Brian,Platt,,,
Eric Dewayne,Tingle,,,
Eric Dwayne,Sumlin,,,
Eric H,Walther,,,
Eric J.,McDonald,2652307,Eric,McDonald
Eric James,Jaehnig,,,
Eric James,Stotzer,,,
Eric John,McDonald,,,
Eric Lee,Schnell,,,
Eric M,Wolf,2182798,Eric,Wolf
Eric R,Bittner,,,
Eric R,Ritchey,,,
Erica F,Jordan,2037115,Erica,Jordan
Erica Hua,Fletcher,2183504,Erica,Fletcher
Erica L,Ciszek,,,
Erica N,Reid,,,
Erik John,Smart,,,
Erik Matthew,Locascio,,,
Erika,Said White,,,
Erika J,Brown,,,
Erika Whitney,Harper,2211564,Erika,Harper
Erin A,Reed,,,
Erin Charlise,Washington,,,
Erin Colleen,Belieu,,,
Erin Cooper,Singer,,,
Erin Elizabeth,Jones,,,
Erin F,Smith,,,
Erin J,McCave,2144784,Erin,McCave
Erin Lynne,Faith,,,
Erin M,Epley,,,
Erin M.,Krcatovich,,,
Erin McCarthy,Alexander,2308432,Erin,Alexander
Erin Melissa,Hansen,,,
Erin Meredith,Joyce,,,
Erin Nicole,Carty,,,
Erin Oeser,Goodell,,,
Erin Oeser,Kenyan,,,
Erin S,Kelleher Meisel,1844445,Erin S Kelleher,Meisel
Erma C,Bonadero,,,
Ernest McKinney,Powell III,,,
Ernst L,Leiss,230441,Ernst,Leiss
Eronn A,Putman,,,
Ervin Glen,Bilderback,,,
Esther Elizabeth,Bailey-Rihawi,,,
Ethan Boanerges,Aleman-Meza,,,
Ethan Joshua,Lyvers,,,
Eugene Daniel,Leightman,,,
Eugene J,Silva II,,,
Eugene L,Chiappetta,,,
Eugenia Maria,Ruiz,,,
Eugenia Y,Blomstrom,,,
Eun Young,Nae,,,
Eva M,Harth,,,
Eva Yaneth,Lyon,,,
Evan Christopher,Lee,,,
Evan S,Twyford,,,
Evelyn LaVette,Ashley,,,
Everette S,Gardner,,,
Evgeni M,Chesnokov,,,
Evonzia G,Jeff-Eke,,,
Ewell E,Murphy Jr,,,
Ezell L,Wilson,2245760,Ezell,Wilson
Ezell L.,Wilson,2245760,Ezell,Wilson
Ezell Lamont,Wilson,,,
Ezemenari M,Obasi,,,
Ezra Tsegaye,Wari,,,
Fabeain Damonte,Barkwell,,,
Fabio Augusto,Gonzalez Osorio,,,
Farouk G,Attia,,,
Fatima Aziz,Merchant,,,
Faye B,Obey,,,
Feleccia R.,Moore-Davis,1783532,Feleccia,Moore- Davis
Felicia D,Fisher,,,
Felicia Rae,Johnson,,,
Felicia Russell,Perez,,,
Feng-Chang Roger,Chang,,,
Ferdinand Monsale,Tesoro,,,
Firat Kazbek,Ozsoy,,,
Fleurette S,Fernando,,,
Flora M,Eginton,,,
Floyd William,Holder,,,
Forest Robert,Christy Jr.,,,
Forood,Azari Dehkordi,1973511,Forood,Dehkordi 
Forrest Lee,Baker,,,
Fouad M,Khoury,,,
Frances Ann,Joseph,,,
Frances Justine,Post,,,
Francesca D.,Behr,,,
Francine Julia,Harris,,,
Francis A,Giampietro,,,
Francis B.,Almendarez,,,
Francis Joseph,Eyth,,,
Francisco,Estrada Medina,2594505,Francisco,Medina
Francisco C,Robles Hernandez,,,
Francisco I.,Pedraza,,,
Francisco Javier,Morera,,,
Frank D,McKeon,,,
Frank Forsythe,Smith,,,
Frank J,Claydon,,,
Frank J,Fernandez,,,
Frank L,Holt,,,
Frank Nicolas,Cisneros,,,
Frank Philip,Chuter,,,
Frank Xin,Huang,,,
Frankie B,Sims,,,
Franklin J,Anderson,,,
Franz A,Krager,133321,Franz Anton,Krager
Fred J,Charlot,,,
Frederick,Gonzalez Jr,,,
Frederick A,Zayas,,,
Frederick B,Ockrassa,1887067,Frederick,Ockrassa
Fredric J,Fleshman,,,
Gabriela Baeza,Ventura,1342464,Gabriela,Baeza-Ventura
Gabriela T,Jaramillo,2382500,Gabriela,Jaramillo
Gabriella Adriana,Iacono,,,
Gail J.,Buttorff,,,
Ganesh Chandra,Thakur,,,
Garret J,Etgen,,,
Garreth Paul,Broesche,,,
Garry Michael,Golden,,,
Garth S,Jowett,,,
Garth Samuel,Jowett,,,
Gary H,Kitmacher,,,
Gary L,Richardson,,,
Gary W,Emerson,,,
Gary W,Machicek,,,
Gary W,Randazzo,,,
Gary Wade,Whittredge,,,
Gathoni Anne,Kimondo,,,
Gautham Benegal,Udupa,,,
Gavin Davis,Reed,,,
Gayle A.,Curtis,,,
Gayle R,Klaybor,,,
Genesis Elaine,Draper,,,
Genesis Jezabel,Guerrero Gutierrez,,,
Geneva Marie,Canino,,,
Genevieve Dee,Stevens,,,
Geoff Elton,Hippenstiel,,,
Geoffrey A,Hoffman,,,
George A,Heathco Jr,,,
George Carol,Hanks Jr,,,
George E,Antunes,,,
George Edward,Fox,,,
George F,Reiter,,,
George K,Chow,,,
George K,Wong,2228946,George,Wong
George M,Grimes,2432779,George,Grimes
George M,Secrest,,,
George O,Gamble,,,
George P,Moore,,,
George William,Poncy,,,
George Z,Zhao,,,
Georgia Lee Hinkle,Akers,,,
Gerald C.,Sellars,,,
Gerald E,Harris,,,
Gerald Gavin,Gerondale,,,
Gerald H,Parks III,,,
Gerald K,Eckert,,,
Gerald S,Evans,,,
Geraldine Szott,Moohr,,,
Gerardo Garcia,Mata,,,
German,Cubas Norando,,,
Ghassan M,Abdallah,,,
Gianncarlo M,Muschi,2222396,Gianncarlo,Muschi
Gila E,Stein,,,
Gina C,Bravo,,,
Gina C,Clarke-Anderson,,,
Gina S,Warren,,,
Gino Jinho,Lim,,,
Giselle Gabriela,Sosa Jones,,,
Gissette Susana,Padilla,,,
Glen,Russell IV,,,
Glen C,Russell IV,,,
Glen Curtis,Russell IV,,,
Glenda Sue,Horner,,,
Glenn D,Cordua,,,
Glenn E,Taylor,,,
Glenn E.,Taylor,,,
Glynn L,Johnson,,,
Glynn Randle,McCaslin,,,
Gordon A,Vos,,,
Gordon D,Smith,,,
Gordon D,Taylor,2067247,Gordon ,Taylor
Gordon G,Johnson,226336,Gordon,Johnson
Gordon Richard,Walker,,,
Grace FM,Wagner-ODaniel,,,
Grant Wesley,Adamson,,,
Gray S,Atherton,,,
Greg E,Eilmann,1428560,Greg,Eilmann
Greg R,Vetter,,,
Gregg W,Roman,,,
Gregory Alan,Brown,,,
Gregory Alan Dao,Jonason,,,
Gregory C,Morrison,,,
Gregory Crisp,Han,,,
Gregory D,Cuny,,,
Gregory G,Liggin,,,
Gregory H,Starbird,,,
Gregory Jeff,Lattier,,,
Gregory L,Stephens,,,
Gregory N,Marinic,,,
Gregory R,Beaulieu,,,
Gregory Randall,Roof,2334713,Gregory,Roof
Gregory S,Saikin,,,
Gregory S.,Bean,,,
Gretchen L,McAuliffe,,,
Grete A,Norquist,,,
Guadalupe,San Miguel Jr,1329794,Guadalupe,"San Miguel, Jr."
Guadalupe C,Quintanilla,1995902,Guadalupe,Quintanilla
Guillermo Emilio,Nakhle,,,
Gulin Tulunay,Aksu,,,
Gus Gerard,Tamborello,,,
Gwendolyn Deniece,Alfred,,,
Gwendolyn H,Goffe,,,
Habteab G,Deres,,,
Haley F,Patterson,,,
Haley M,Grimland,,,
Haley Michelle Grimland,Ford,,,
Han Joe,Kim,,,
Han Quang,Le,,,
Hanadi S,Rifai,,,
Hannah A,Kimbrough,,,
Hannah S,Decker,,,
Hannan,Sadjady Naeeni,2227045,Hannan,Naeeni
Haoua Zouga,Amadou,,,
Harish Sama,Krishnamoorthy,,,
Harish Sarma,Krishnamoorthy,,,
Harold Brian,Skeels,,,
Harold E,Bedell,,,
Harold W,Halliday,,,
Harriet A.,Smith,,,
Harriett J,Pritchett,,,
Harvey G.,Brown,,,
Harvey Jerome,Freiberg,,,
Hayan S,Charara,,,
Hayley Lurie,Stulmaker,,,
Hazim Hussein,Abass,,,
Heather A,Pule,,,
Heather Anne,Anderson,,,
Heather Leigh,Bause,2008660,Heather,Bause
Heather Marie,Stewart-Steele,,,
Heather N.,Domjan,,,
Heather Natasha,Harydzak,,,
Heather Wall,Hutchison,,,
Hector A,Vasquez,,,
Hector Ramon,Garcia,,,
Heidar A,Malki,,,
Heidi A,Kennedy,,,
Heidi Anne,Hinkel,2422042,Heidi,Hinkel
Heidi C,Powell,,,
Heidi J,Hofer,,,
Helen K,Valier,,,
Helen Ruth,Stagg,,,
Helen T,Nakamoto,,,
Helena Maria,Garcia Marino,,,
Henry H,Flores,,,
Henry S,Chafetz,,,
Herb W,Agan,,,
Hesam Mike,Panahi,,,
Hibah Hassan,Osman,,,
Hien V,Nguyen,2324315,Hien,Nguyen
Hieu Cong,Luu,,,
Hilary S,Reed,,,
Hilda Julia,Hannay,,,
Hitesh B,Doshi,,,
Ho Joon,Choi,1861422,Ho Joon,Choi
Hoanh Yen Thi,Le,,,
Holley Carole,Love,,,
Holly B,Rosof,,,
Holly K,Oxhandler,,,
Holly Lakeisha,Charles,,,
Holly M.,Hutchins,,,
Homayoon Seyed,Shobeiri,2272009,Homayoon,Shobeiri
Hong Dieu,Ho,,,
Hope Marcotte,Queener,,,
Houghton Gregory,Brown,,,
Howard J,Pollack,,,
Howard Lee,Bushart,,,
Huai Da,Wang,,,
Hugh R,Nevitt Jr,,,
Hung Quang,Le,,,
Hung Zen,Liao,,,
Huong Thi,Phan,,,
Hwan Woo,Lee,,,
Hyon K,Chong,,,
Hyun Kyung,Park,,,
Hyung Joo,Kim,,,
Iain P D,Morrison,,,
Ibrahim M,Elsamahy,,,
Ijeoma J,Madubata,,,
Imani Dominique,Goffney,,,
Ingrida M,Norbergs,,,
Ioanna N,Semendeferi,2217254,Ioanna,Semendeferi
Ioannis A.,Kakadiaris,,,
Ioannis T,Pavlidis,,,
Irene,Ten Cate,,,
Irene V,Guenther,,,
Irene Yeji,Nahm,2388848,Irene,Nahm
Irma Linda,Nurre,,,
Irma Michelle,Lopez-Rios,,,
Irving N,Rothman,,,
Isaac F,Joskowicz,,,
Isaac Santiago,Farley,2241210,Isaac,Farley
Isabelle Mei,Zimmerman,,,
Isis Renee,Campos,,,
Israel,Portillo Vazquez,,,
Ivan Leon,Harrell,,,
Izabela Anna,Uscinski,,,
J Ramsey,Sutter,1636119,Jaye Ramsey,Sutter
J Thomas,Oldham,,,
Jace D,Pierce,,,
Jace Michael,Waguspack,,,
Jacinda C,Tucker,,,
Jacinta C,Conrad,1807353,Jacinta,Conrad
Jack Bennett,Ucciardino,,,
Jack Curtis,Frels,,,
Jack H,Christiansen,,,
Jack M,Fletcher,,,
Jackeline M,Gascon,,,
Jackeline Mercedes,Webb,,,
Jackie C,Thomas,,,
Jackson Kioko,Ireri,,,
Jacob L,Lebar,,,
Jacob Nelson,Messinger,,,
Jacob S,Mills,1915065,Jacob,Mills
Jacqueline A,Bobet,,,
Jacqueline A,Nalett,,,
Jacqueline D,Lipton,,,
Jacqueline J.,Kacen,,,
Jacqueline L,Weaver,,,
Jacqueline Marie,Alberto,,,
Jacqueline McLean,Hawkins,,,
Jacqueline Njideka,Ekeoba,,,
Jacqueline Renee,Hunsicker,,,
Jacquelyn Twyman,Sanchez,,,
Jacquelynn S,deMontmollin,,,
Jagannatha R,Rao,1088850,Jagannatha,Rao
Jagdeep S,Chadha,,,
Jaime A.,Lara-Perez,,,
Jaime E,Cohen,,,
Jaime L,Noriega,,,
Jaime M,De Vega,,,
Jake L,Lavender,,,
Jamal D,Cyrus,1825566,Jamal,Cyrus
Jameelah Jafaar,Lang,,,
James A,Chang,2048695,James ,Chang
James A,Horn,,,
James A,Knight,,,
James A,Martin,,,
James A,Ruberti,,,
James A,Schafer Jr,,,
James Andrew,Chang,2048695,James ,Chang
James B,Johnson,,,
James B,Stinson,,,
James B,Thomas,,,
James C,Winton,,,
James Carmen,Amendola,,,
James Cochran,Winton,,,
James D,Hess,,,
James D,Nelson,,,
James D,Thornton,,,
James D,Woods,2171600,James,Woods
James David,Kellough,,,
James David,West,,,
James Diderot,Rodriguez,,,
James Doyle,Troutman Jr,,,
James E,Campion,,,
James E,Rammell,,,
James Eric,Thayer Jr,,,
James Eugene,Hogan,,,
James Eugene,Radcliffe,,,
James F,Hughes,,,
James F,Wortman,,,
James F G,Auchmuty,,,
James G,Virgilio,,,
James Garland,Gillingham,,,
James H,Thurmond,,,
James J,Hippard Jr,,,
James J,Winkle,,,
James K,Meen,,,
James Keir,Simpson,,,
James Kirby,Martin,227462,James Kirby,Martin
James L,Austin,,,
James L,Beebe,,,
James L,Conyers,,,
James L,Kastely,,,
James L,Lamb,1732726,James,Lamb
James L.,Beebe,,,
James L.,Herring,,,
James L.,Lamb,,,
James Leonard,Ray,,,
James M,Briggs,,,
James Monroe,Kane,,,
James Phillip,Castillo,2388200,James,Castillo
James R,Hawkins,,,
James R,McIver,,,
James R,Webb,,,
James Read,Boles,,,
James Richard,Walker,,,
James Richardson,Lattner,,,
James S,Adams,,,
James S,Granato,,,
James S,Phillips,,,
James T,Richardson,,,
James T,Zebroski,,,
James T.,Thorleifson,,,
James Travis,Ross,,,
James Vincent,Masanotti,,,
James W,Garson,,,
James W,Houlihan,,,
James W,Pipkin,,,
James W,Pratt,,,
James W,Walters,,,
James William,Breaux,2358312,James,Breaux
James Wilson,Stepp,,,
James l,Conyers,,,
James s,Adams,,,
Jamey Aaron,Kollar,,,
Jamey Joseph,Hart,2706777,Jamey,Hart
Jamie D,Stephens-Gonzales,,,
Jamie Ellen,Davis,,,
Jamie H,Ferguson,,,
Jamie King,Belinne,,,
Jamie Lynne,Parker,,,
Jamie M,Thomas,2140779,Jamie,Thomas
Jamie P,Cooper,,,
Jamie V,Robertson,,,
Jamie V.,Robertson,,,
Jamie Vernay,Robertson,,,
Jan Ellen,Leger,,,
Jan Pg,Bergmanson,,,
Jana Belinda,Cole,2301507,Jana,Cole
Jana K,Tran,,,
Jane McIntosh,Cooper,,,
Janeen R.S.,Antonelli,,,
Janet B,Beck,2148424,Janet,Beck
Janet E,Kohlhase,,,
Janet F,Eckert,,,
Janet Gillen,Leyden,,,
Janet Larene,Rushing,,,
Janet M,Heppard,,,
Janice Allen,Chilton,,,
Janice Faye,Hutchinson,,,
Janok P,Bhattacharya,,,
Januari Michelle,Leo,,,
Jaqueline M,Houlette,,,
Jared Neil,Andrews,,,
Jarrett R.,Whitaker,,,
Jarrod Eliot,Hunt,,,
Jasmin R,Brooks,2648470,Jasmin,Brooks
Jasmine J,Opusunju,,,
Jasmine Lenise,Trier,,,
Jason A,Draper,,,
Jason A,Fite,,,
Jason Isaac,Daniels,,,
Jason J,Nichols,,,
Jason Matthew,Bennett,,,
Jason R,Marquez,,,
Jason R.,Duvall,,,
Jason R.,Wheeler,1880257,Jason,Wheeler
Jateen S,Gandhi,1953325,Jateen,Gandhi
Javier Omar,Villarreal,,,
Jay Ted,Lee,,,
Jayash M,Chadha,,,
Jaye L,Derrick,2169576,Jaye,Derrick
Jayme P,Connors,,,
Jean Elizabeth,Latting,,,
Jean Marie,Raniseski,,,
Jean Michel,Lanskin,167844,Jean-Michel,Lanskin
Jean Philippe,Bodet,,,
Jean Philippe,Bodet III,,,
Jean S,Boncy,,,
Jean Terio,Pierce,,,
Jeanna L,Abbott,,,
Jeannette Driscoll,Alarcon,,,
Jebediah Lee,Mueller,,,
Jefferson T,Frazier,,,
Jeffrey A,Kaplan,,,
Jeffrey Alan,Shadwick,,,
Jeffrey B,King,,,
Jeffrey Bryan,Cole,,,
Jeffrey Charles,Stichler,,,
Jeffrey Dakin,Braun,,,
Jeffrey Dean,Cameron,,,
Jeffrey E,Sher,,,
Jeffrey James,Dravis,,,
Jeffrey L,Bradley,,,
Jeffrey M,Anapolsky,,,
Jeffrey M,Yarus,,,
Jeffrey Patrick,Boichuk,,,
Jeffrey R,Newberry,,,
Jeffrey Raymond,Villines,,,
Jeffrey Ryan,Albers,2073456,Jeffrey,Albers
Jeffrey S,Sposato,1109174,Jeffrey,Sposato
Jeffrey T,Sherer,,,
Jeffrey Thomas,Cooper,,,
Jeffrey Wayne,Halstead,,,
Jeffry Ryan,Sommers,2691070,Jeffry,Sommers
Jemimah Anama,Noonoo,,,
Jenifer Beth,Leming,,,
Jenna Lynn,Kripal,,,
Jennifer,Radcliffe Andre,,,
Jennifer A,Andre,2359803,Jennifer,Andre
Jennifer Alene,Battle,,,
Jennifer Austin,Luna Singh,,,
Jennifer B,Chauvot,,,
Jennifer Blair,Dunn-Salisbury,,,
Jennifer C,McFarland,,,
Jennifer Dawn,Townsend,,,
Jennifer Dial,Creech,,,
Jennifer E,Asmussen,,,
Jennifer E,Vardeman,,,
Jennifer Elizabeth,Bootwala,2639233,Jennifer,Bootwala
Jennifer H,Clark,,,
Jennifer Jeanene,Freytag,,,
Jennifer L,Beierle,,,
Jennifer L,Bryan,,,
Jennifer L,Tackett,,,
Jennifer L,Waldner,,,
Jennifer L,Wang,,,
Jennifer L,Wingard,,,
Jennifer Laura,McClish,,,
Jennifer Lauren,Graves,2018343,Jennifer ,Graves 
Jennifer Leigh,Leasure,,,
Jennifer Leigh,Noblin,,,
Jennifer Leigh,Sanders,2476378,Jennifer,Sanders
Jennifer Lynn,Swantkowski,,,
Jennifer M,Augustine,,,
Jennifer M,Blanco,,,
Jennifer M,Markesino,1706598,Jennifer,Markesino
Jennifer Marie,Tasca,,,
Jennifer Megan,Stinson,,,
Jennifer Michelle,Cowie,,,
Jennifer N,Hofer,,,
Jennifer N,Lytwyn,,,
Jennifer Renee,Fairchild,,,
Jennifer Ruhnow,May,,,
Jennifer S,Keeney,,,
Jennifer S,Lowe,,,
Jennifer Samantha Anne,Lowe,,,
Jenny Ann,Bannister,,,
Jenny K,Yi,,,
Jenny M.,Koetting,,,
Jerald W,Jackson,,,
Jeremy A,May,,,
Jeremy D,Bailey,2188266,Jeremy,Bailey
Jeremy L,Dafoe,,,
Jeremy Ryan,Underwood,,,
Jerlyn L,Mardis,,,
Jerome S,Schultz,,,
Jerome S,Socolof,,,
Jerrod A,Henderson,,,
Jerry A,Pyka,,,
Jerry J,Waite,534833,Jerry,Waite
Jerry Osagie,Ebalunode,,,
Jeryn L,Woodard,,,
Jesse J.,Rainbow,1792965,Jesse,Rainbow
Jessica,Thompson Falla,,,
Jessica A,Brown,,,
Jessica A,Ninci,,,
Jessica Ann,Locheed,,,
Jessica Ann,McLeod,,,
Jessica Dawn,Crute,,,
Jessica H,Mathew,,,
Jessica I Chin,Wooden,,,
Jessica James,Donohue-Dioh,,,
Jessica K,Gerfen,,,
Jessica L,Hightower,,,
Jessica M,Cummings,,,
Jessica Michelle,Meers,2438748,Jessica,Meers
Jessica Nicole,Klement,,,
Jessica Paige,Cutler,,,
Jessica R,Waggoner,2295687,Jessica,Waggoner
Jessica Ranea,Young,,,
Jessica Sofia,Ojeda,,,
Jessica T,Zorola,,,
Jessica Taylor,Kubala,,,
Jesus Alberto,Gonzalez,,,
Jesus S,Hernandez,,,
Jhon A,Cuesta Medina,,,
Ji Yeon,Lee,,,
Jia Hui,Wong,1963907,Michelle Jia Hui,Wong
Jill Annette,Anderson,,,
Jill Frenchman,Storch,,,
Jill Mackenzie,Martiniuk,,,
Jill Marie,Gracely,,,
Jill S,Yamasaki,,,
Jill W,Liu,,,
Jillian Faith,Meadows,,,
Jim Cates,Vassallo,,,
Jim E,Lawrence,,,
Jim Mac,Perdue Sr,,,
Jiming Ouyang,Peng PhD,,,
Jimmie G,Cauley II,1847296,Jimmie,Cauley Ii
Joan A,Bytheway,,,
Joan Michele,Nelson,,,
Joanna Evelyn,Reeder,,,
Joanna Michelle,Macsas,,,
Joanna R,Gabler PhD,,,
Jodi A,Berger Cardoso,,,
Jodi Lynn,Nelms,,,
Jodie Sue,Gee,,,
Joe D,Clegg,,,
Joe D,Seltz,,,
Joe H.,Cutbirth,,,
Joe L,Wheat,,,
Joe W.,DeLoach,,,
Joel,Luks Jacobs,,,
Joel,Melendez Lugo,,,
Joel A,Bloom,,,
Joel E,Saylor,,,
Johana Patricia,Lopez,,,
Johann Mark,Dsouza,2588708,Johann,D'Souza
Johanna R,Bick,,,
John A,Moretta,,,
John A,Palmer,,,
John A,Townsend,,,
John Alexander,Eriksson,,,
John Allen,Terrell,,,
John B,Teare,1922978,John Barry,Teare
John B,Thuren,,,
John Bryan,Trujillo,,,
John C,Lopez,,,
John C,Wolfe,,,
John D,Houston,,,
John D,Pluecker,,,
John David,Ahola,,,
John David,Lunstroth,,,
John Douglas,Jeffers,,,
John E,Martin,,,
John E,Simms,,,
John E,Smith,2152319,John,Smith
John E,Telles,2014623,John,Telles
John Edward,Bickel,,,
John Erik,Woodruff,,,
John Eugene,Walsh Jr,,,
John F,Casey,,,
John F,McNamara,,,
John F,Unger,,,
John Frederick,Ryan,,,
John G,Clamp,,,
John G,Reed,,,
John H,Hanna,1958692,John,Hanna
John H,Miller,,,
John H,Tsai,,,
John Hamilton,Jones Jr,,,
John J,Antel,2257174,John,Antel
John J,Beasant III III,,,
John L,Bear,,,
John L,Brewer,,,
John L,Snyder,,,
John L.,Green,,,
John Laureto,Maida Jr,,,
John M,Benzer,,,
John M,Forse,,,
John M,Graul,,,
John M,Hart,227457,John Mason,Hart
John M,McKeever,,,
John M,Ramsey,,,
John M,Williams,,,
John M,Young,,,
John Manard,Matthews,,,
John Mark,Hubenthal,,,
John Matthew,Cannon,,,
John Michael,Forse,,,
John Michael,Solar,,,
John Moreno,Parras,,,
John Nathaniel,Cryer III,,,
John P,Castagna,,,
John P,Gritton,2255807,John,Gritton
John P,Vincent,,,
John Paul,Gritton,,,
John R,Alvarez,,,
John R,Glover,,,
John R,Harvey,,,
John R,Karonika,,,
John Ritchie,Chiles IV,,,
John Robert,Broxson,,,
John Roger,Hunewill,,,
John S,Delaney,2679697,John,Delaney
John Stuart,Huntington,,,
John T,Bowen,2295248,John,Bowen
John T,Foster,,,
John T,Hardy,,,
John T,Mcdonald,,,
John Terrence George,McDonald,,,
John Thomas,Fenoglio,,,
John Travis,Spoede,,,
John Tyson,Chatagnier,,,
John W,Byers,,,
John W,Fields,,,
John W,Pingel,,,
John Walker,Tootle,,,
John Wallace,Hammond,,,
John Wharton,Newton III,,,
John William,Alred,1956130,John,Alred
Johnitha Watkins,Johnson,,,
Johnnie E,Kotrla,,,
Johnny R,Buckles,230506,Johnny Rex,Buckles
Johnny R,Leavins,,,
Jolante W,Van Wijk,1532634,Jolante,Van Wijk
Jon Eric,Stanaland,,,
Jon Kevin,Story,,,
Jon Leo,Egging,2397306,Jon,Egging
Jon M,Keune,,,
Jon Michael,Wallace,,,
Jon P,Lorence,,,
Jon Phillip,Gray,1968855,Jon,Gray
Jonas B.,Wittke,,,
Jonathan,Zendeh Del,2037192,Jonathan ,Zendeh Del
Jonathan Christopher,Lopez,,,
Jonathan David,Meyer,,,
Jonathan E,Snow,,,
Jonathan En Lin,Wu,,,
Jonathan Glen,Maxwell,,,
Jonathan Griffin,Brush,,,
Jonathan H,Worstell,,,
Jonathan L,Booker,1963892,Jonathan,Booker
Jonathan L,Zecher,,,
Jonathan Lee,Jerke,,,
Jonathan Lyle,Williamson,,,
Jonathan M,Grabyan,,,
Jonathan M,Greene,,,
Jonathan Mark,Middents,,,
Jonathan P,Schwartz,,,
Jonathan Peter,Schwartz,,,
Jonathan Robert,Fairchild,,,
Jonathan Robert,Read,,,
Jonathan Stoltzfus,Mast,,,
Jonathan T,Kwan,,,
Jonna Treble,Flores,,,
Jordan E,Lewis,,,
Jordan J,Paust,,,
Jordan Matthew,McGroary,,,
Jorge,Dorribo Camba,,,
Jorge Armando,Saucedo Montoya,,,
Jorge E,Gonzalez,,,
Jorge Eduardo,Iglesias,,,
Jorge Leonardo,Saldana,,,
Jose A,Baez-Franceschi,,,
Jose A,Martinez,,,
Jose A.,Hernandez,,,
Jose C,Martinez,2700043,Jose,Martinez
Jose Francisco,Pena Loyola,,,
Jose Guillermo,De Los Reyes Heredia,,,
Jose H,Vazquez,,,
Jose Luis,Contreras-Vidal,1789509,Jose Luis,Contreras-Vidal
Jose Manuel,Mota Aquino,2662403,Jose,Mota Aquino
Jose Manuel,Velarde,2631935,Jose,Velarde
Jose Pablo,Ramirez,,,
Jose Ramon,Ruisanchez,1868218,Jose,Ruisanchez
Jose Ramon,Ruisanchez Serra,,,
Jose S,Martinez,,,
Josefa,Pueyo Castan,,,
Josefina Sanchez,Moneny,2011591,Josefina,Moneny
Joseph Allen,Pratt,,,
Joseph C,Fong,,,
Joseph E,McManus Jr,,,
Joseph J,Halbach Jr,,,
Joseph J,Russo,1099071,Joseph,Russo
Joseph John,Martocchio,,,
Joseph L,Lanza,,,
Joseph L,Mashburn,,,
Joseph L,McCauley,,,
Joseph Lee,Thompson,2583085,Joseph,Thompson
Joseph Michael,Burling,,,
Joseph P,Colaco,,,
Joseph P,Leydon,,,
Joseph P,Salanitro,,,
Joseph R,Wilson,,,
Joseph Ralph,Gallo,,,
Joseph Ray,Meyer,,,
Joseph Skelton,McDade,,,
Joseph Thachil,Francis,,,
Joseph U,Gajan,,,
Joseph W,Pirozzolo,,,
Joseph William,Dellapenna,,,
Josephine M,Mitchell,2232508,Josephine,Mitchell
Josephine Margaret,Mitchell,,,
Joshua Adam,Tabin,,,
Joshua Arturo,Gonzalez,,,
Joshua B,Yellen,,,
Joshua Caleb,Clark,,,
Joshua D,Cutler,,,
Joshua Daniel,Robbins,1983185,Josh,Robbins
Joshua David,Litos,,,
Joshua David,Udy,,,
Joshua Dewain,Foster,2197476,Joshua,Foster
Joshua E,Bernstein,,,
Joshua Eugene,Langham,,,
Joshua Glenn,Jacobs,,,
Joshua J,Vanlandingham,2664516,Joshua,Vanlandingham
Joshua J.,Vanlandingham,,,
Joshua Jared,Cowan,,,
Joshua Kahlil,Rahman,,,
Joshua Nelson Jem.,Ward,,,
Joshua Robert,Reynolds,,,
Joshua S,Gottlieb-Miller,2267712,Joshua,Gottlieb-Miller
Joshua S,Smith,2640047,joshua,smith
Joshua T,Wollen,,,
Josiah John,Rector,,,
Josilyn C,Banks,,,
Joy D,Lloyd,,,
Joy M,Priest,2640955,Joy,Priest
Joy P,Alonzo,,,
Ju Yeon,Han,,,
Juan Carlos,Rozo,,,
Juan Carlos C,Silva-Tamayo,1976333,Juan Carlos ,Silva- Tamayo 
Juan F,Pena,,,
Juan F,Saracay,,,
Juan F,Vasquez Jr,,,
Juan F,Vasquez Sr,,,
Juan M,Prati,,,
Juan Manuel,Madera,,,
Juanita J.,Hall,,,
Judith A,Perrigin,,,
Judith Harris,Owens,,,
Judith Mayne,Wallis,,,
Judith del Angel,Velazquez Santopietro,,,
Julia B,Wiens,,,
Julia Barbosa,Landois,,,
Julia Bethel,Brown,,,
Julia D,Kleinheider,,,
Julia Marie,Peebles,,,
Julia Oppenheim,Traber,,,
Julia S,Benoit,,,
Julia S,Wellner,,,
Julian Jose,Cardenas Garcia,,,
Juliana Floriene,Stewart,2530648,Juliana,Stewart
Julianna E,Szilagyi,,,
Julianna M,Fernandez,,,
Julianne Renee,Knowles,,,
Julie A,Brunson,,,
Julie Ann,Fernandez,,,
Julie B,Fix,,,
Julie C,Dunsmore,2623874,Julie,Dunsmore
Julie D,Kastner,,,
Julie F,Tolliver,,,
Julie K,Little-Wells,,,
Julieta Margarita,Woleslagle,,,
Julio E,Romero Aguero,,,
Julissa Y,Chapa,,,
Jung Uk,Lim,1870653,Jung-Uk,Lim
Jungyoung Shin,Legendre,,,
Junious E,Williams,,,
Justen S,Barks,,,
Justin Allen,Hodge,,,
Justin Howard,Kirkland,,,
Justin R,Jannise,,,
Justin T,Burris,,,
Justin Taylor,Reed,,,
Justine M,Townsend,,,
K Charnele,Dozier,,,
KaDarrius K.,James,,,
Kachuen Sam,Hui,,,
Kadry K,Bissada,,,
Kagenobu D,Nakamoto,,,
Kaitlin M,Rizzo,,,
Kala Camille,Dunn,,,
Kanchuka Bandara,Dissanayake Mudiyanselage,,,
Kandice Lorissa,Horsey,,,
Kara F,Manning,,,
Kara M,Polk,,,
Karen B,Lukin,,,
Karen Drusilla,Fern,,,
Karen E,Lagana,,,
Karen E,Stokes,,,
Karen J,Langton,,,
Karen L,Lee,,,
Karen Lynn,Jones,,,
Karen M,Belvin,,,
Karen M,Guerra,,,
Karen Marie,Weber,,,
Karen S,Jacobs,,,
Karen Y,Wong,,,
Karen Yvonne,Snyder,,,
Karie Michelle,Buss,,,
Karim A,Alkadhi,1326809,Karim,Alkadhi
Karl M,Kadish,,,
Karla K,Stuebing,,,
Karla Michelle,Acosta,,,
Karman Lee,Tam,,,
Karyna E.,McGlynn,,,
Kasey Dawn,Bass,,,
Kassaundra Lee,Johnston,,,
Kate E,Hill,,,
Kate Elizabeth,Merrifield,,,
Katharina Elizabeth,Jackson,,,
Katharina Jackson,Dann,,,
Katharine C,Reynolds,2099088,Katharine,Reynolds
Katherine A,Fox,,,
Katherine A,Hutcheson,,,
Katherine A,Veneman,,,
Katherine Ann,Iselin,,,
Katherine Anne,McElvaney,2426011,Katherine,McElvaney
Katherine B,Brem,,,
Katherine Elizabeth,Winderman,,,
Katherine Howard,Barillas,,,
Katherine Howard,Byers,,,
Katherine L,Turner,2288067,Katherine,Turner
Katherine L,Yeager,,,
Katherine L.,Yeager,,,
Katherine Lynn,Zopatti,,,
Katherine M,Highfill,,,
Katherine M,Ray,,,
Katherine M,Smith,,,
Katherine M.,Ray,,,
Katherine Natalie,Ermgodts,,,
Katherine Patricia,Cordes,,,
Katherine R,Arlinghaus,,,
Katherine Ruth,McGaha,2372317,Katherine,McGaha
Katherine Stein,Badeaux,,,
Katherine Traverse,Vukadin,,,
Kathleen Ann,Campese,,,
Kathleen Anne,Schroder,,,
Kathleen C,Lake,,,
Kathleen D,Reeve,,,
Kathleen L,Harris,,,
Kathleen P,Rubinstein,,,
Kathleen Wade,Reardon,,,
Kathryn Ann B,Leroy,,,
Kathryn Elizabeth,Lanier,,,
Kathryn L,Richdale,,,
Kathryn Louisa,Maxwell,,,
Kathryn Marie,Peterson,,,
Kathryn T,Keyzer,,,
Kathy J,Brown,,,
Kathy L,Cossick,,,
Katie Anne,Marsh,,,
Katie Lois,Atkins,,,
Katie Nicole,Watkins,,,
Katie R,Buehner,,,
Katina Lynette,Thomas,,,
Katja Brigitte,Glockner-Dow,,,
Katrina L,Moorhead,,,
Katy Brown,Greenwood,,,
Katya Glockner,Dow,,,
Kavita Ashana,Singh,,,
Kay M,James,,,
Kayce D.,Solari Williams,2056046,Kayce,Solari-Williams
Kaye J,Newberry,,,
Kayla Davenport,Logan,,,
Kayla Mullet,Bicol,,,
Keisha R,Harrison,,,
Keith A,Coleman,,,
Keith Allen,Richards,,,
Keith Byron,Kirk,,,
Keith C,Lancaster,,,
Keith David,Rassin,,,
Keith E.,McNeal,,,
Keith K,Cox,79650,Keith,Cox
Keith R,Houk,,,
Kellen B,Zale,2034695,Kellen,Zale
Kelley G,Littlepage,,,
Kelli Linn,Drenner,,,
Kelli Lynn,Sullivan,,,
Kelli S,Vance,2015609,Kelli,Vance
Kellie Renee,O'Quinn,,,
Kellie Renee,OQuinn,,,
Kelly A,Vaughn,,,
Kelly Ann,Burk,,,
Kelly Ann,Ellis,,,
Kelly K,Halverson,2547943,Kelly,Halverson
Kelly K,Nichols,,,
Kelly L,Moore,,,
Kelly M,Lee,,,
Kelly Margaret,Sopchak,,,
Kelly Y,Hopkins,,,
Kelsey D,Ruger,,,
Ken A.,Haseley,,,
Kendra Preston,Leonard,,,
Kenneth A.,Garcia,,,
Kenneth D,Davis,,,
Kenneth David,Hogan,,,
Kenneth E,Poston,,,
Kenneth G,Engerrand,,,
Kenneth J,Kaser,,,
Kenneth L,Brown,,,
Kenneth P,Wise,,,
Kenneth Ray,Phillips,,,
Kenneth Richard,Swift,,,
Kenneth S,Wall,,,
Kenneth Scott,Weiss,,,
Kenneth T,Bielicki,,,
Kenneth W,White,1575783,Kenneth,White
Kenneth Wayne,Abbott Jr,,,
Kent L,Tedin,,,
Kenya Rene,Minott,,,
Keri D,Myrick,,,
Kerolus R,Mikhail,,,
Kerri M,Crawford,,,
Kevin,Munuera Pulido,,,
Kevin A,Barden,,,
Kevin B,Long,,,
Kevin Bernard,Thompson,,,
Kevin Charles A,Burke,,,
Kevin D,Prufer,,,
Kevin E,Bassler,,,
Kevin L,Rigdon,,,
Kevin Lawrence,Cantrell,,,
Kevin M,Maloney,,,
Kevin Michael,Shannon,,,
Kevin Paul,Lewis,,,
Kevin S,Simon,927410,Kevin,Simon
Kevin T,Hedges,,,
Kevin T,Roshak,2030299,Kevin ,Roshak
Kevin W,Garey,,,
Kevin W,Smith,,,
Keziah C,Khan-Hill,,,
Keziah Cyline,Khan-Hill,,,
Khanh Thi,Vu,,,
Kiana Ellen,Wall,,,
Kiana Noelle,Day,,,
Kiara Denisse,Feliciano,,,
Killian Rainey,Hughes,,,
Kim-Anh Nguyen,Jow,,,
Kimberly,Glaus Late,,,
Kimberly A,Nguyen,,,
Kimberly A,Paisley,,,
Kimberly Alexis,Povloski,,,
Kimberly Ann,Hicks,,,
Kimberly E,Meyer,,,
Kimberly Nichole,Clark,,,
Kimberly Shaun,Lesniewicz,,,
Kimberly Therese,Silva,,,
Kimbley Laird,Muller,,,
Kiran M,Parthasarathy,,,
Kiran Sajid,Rafique,2264280,Kiran,Rafique
Kirsten A,Yon,,,
Kirstin Rowley,Vollrath,,,
Kit Ying,Ma,,,
Klaus H,Kaiser,,,
Klavdia Markelova,Ballard,,,
Klavdia Markelova,Evans,,,
Korey J,Brown,,,
Kregg Alan,Cuellar,,,
Kris A,Taylor,,,
Krisa Renee,Benskin,,,
Krishna M,Boini,,,
Krishna R,Kaushik,,,
Kriss Jon,Kennedy,,,
Kristen E,Bowles,,,
Kristen E,Bowles-Johnson,,,
Kristen Irene,Capuozzo,,,
Kristen K,Gullo,1932348,Kristen ,Gullo
Kristen Keilmann,Gullo,,,
Kristen Marie,McAlexander,,,
Kristen Spring,Hassett,,,
Kristi L,Baker,1785936,Kristi,Baker
Kristi L,Krumnow,,,
Kristi L,Santi,,,
Kristiane Ruth,Stapleton,,,
Kristie B,Moore,,,
Kristin A,Wintersteen,1901183,Kristin,Wintersteen
Kristin B,Palmer,2649565,Kristin,Palmer
Kristin C,Bennett,,,
Kristin Cotter,Mena,,,
Kristin L,Cullen-Lester,,,
Kristin Lyn,Schaefer,,,
Kristin M,Korycinski,2236537,Kristin,Korycinski
Kristin Marie,Kostick,,,
Kristin Michele,Stafford,,,
Kristina Elizabeth,Saunders,,,
Kristina G,Van Arsdel,,,
Kristina Lisa,Culley,,,
Kristina Marie,Neumann,2061480,Kristina,Neumann
Kristjan Linus,Meikop,2382089,Kristjan,Meikop
Kristy Lynn,Williams,,,
Krystal Lynn,Peay,,,
Ksenia O,Krylova,1942832,Ksenia,Olegovna Krylova
Ksenia Olegovna,Krylova,1942832,Ksenia,Olegovna Krylova
Kuo Yang,Kao,1955579,Kuo,Yang Kao
Kurt A,Czupryn,,,
Kurt J,Marfurt,,,
Kurt M,Strack,,,
Kwabena B,Mensah,,,
Kwong Hon,Lau,,,
Kye J,Han,,,
Kyla Marie,Crawford,,,
Kyle A,Morgan,,,
Kyle A,Ray,,,
Kyle A,Scott,,,
Kyle Albert,Williams,2444323,Kyle,Williams
Kyle Alexander,Chalker,,,
Kyle B,Strom,,,
Kyle D,Downing,,,
Kyle Earl,McAvoy,,,
Kyle M,Leonard,,,
Kyle Phillip,Powell,,,
Kyle Wayne,Scribner,,,
Kyoung Yong,Kim,1942834,Kyoung,Yong Kim
Kyung Jae,Lee,2509813,Kyung,Lee
Kyungki,Kim PhD,,,
LaDonna R,Moore,,,
Lacy A,Skinner,,,
Lacy M,Johnson,,,
Laila F,Sorurbakhsh,,,
Lana Kay,Coble,,,
Lana Narges,Kharabi-Yamato,,,
Lanette Valena,Jimerson,,,
Lani B,Yu,,,
Lannie Mckelvin,Milon,,,
Lara R,Appleby,,,
Laranda L,Walker,,,
Larry A,Bolander,,,
Larry A,Campagna,,,
Larry D.,Kelley,,,
Larry David,Toups,,,
Larry David,Vanover,,,
Larry Eugene,Hill,,,
Larry Lee,McClellan,,,
Larry S,Bell,,,
Larry T,Wier,,,
Larry Thomas,Wright,,,
Larry Yi-Lung,Mo,,,
Lars C,Grabow,1824685,Lars,Grabow
Lashonda R.,Williams,,,
Latecha N,Bogle,,,
Latosha Lewis Terrell,Payne,,,
Laura,Gasca Jimenez,1955014,Laura,Gasca Jiménez
Laura A,Lindenberger Wellen,,,
Laura A Taylor,Jacobs,,,
Laura Ann,Perry,,,
Laura B,Ashley,,,
Laura B,Cardinal,,,
Laura D,Nowicki,,,
Laura Elizabeth,Bland,,,
Laura H,Waltrip,,,
Laura J,Biagi,,,
Laura J,Frishman,,,
Laura J,Long,,,
Laura J,Milliken,,,
Laura Lee,Hill,,,
Laura Louise,McGregor,,,
Laura M,Jok,,,
Laura M,Knizner,,,
Laura M,Sutherland,,,
Laura Madeleine,Menzie,,,
Laura Michelle,Harlow,,,
Laura Mignon,Schlehuber,,,
Laura S,Cizek,,,
Laura V,Napier,,,
Laurel Ellis Parker,Simmons,,,
Lauren B B,Neely,,,
Lauren C,Hermann,2531261,Lauren,Hermann
Lauren E,Abbott,,,
Lauren E,Cohen,,,
Lauren E,Davis,,,
Lauren Elizabeth,Alfred,,,
Lauren Elizabeth,Irwin,,,
Lauren Elizabeth,Lohman,,,
Lauren Irene,Cox,,,
Lauren J,Simpson,,,
Lauren K,Brozovich,2068110,Lauren,Brozovich
Lauren L,Berryhill,,,
Lauren Manning,Salomon,,,
Lauren Marie,Baker,,,
Lauren Michelle,Stone,,,
Lauren Moya,Ford,,,
Lauren Nicole,Christlieb,2398738,Lauren,Christlieb
Lauren Oropeza,Snead,2225204,Lauren,Oropeza Snead
Lauren R,Zentz,,,
Lauren Shane,Topek,,,
Laurence Ching Ho,Wong,,,
Laurie Ann,Cedilnik,2651857,Laurie,Cedilnik
Laurie Groom,Carder,,,
Laurie L.,Sorrenson,,,
Laurie Regine Clements,Lambeth,,,
Laveria F,Hutchison,,,
Lawrence A,Witt,,,
Lawrence Anthony,Hindt,,,
Lawrence B,Wheeler,,,
Lawrence H,Curry,,,
Lawrence John Henry,Schulze,,,
Lawrence S,Pinsky,,,
Lawrence W,Hanson,,,
Lea C,Hellmueller,,,
Leah Lin,Smith,,,
Leah Yvette,McAlister,,,
Leandra H,Hernandez,,,
Leandra Ruth,Zarnow,,,
Leanne E,Atwater,,,
Lee A,Wiegand,,,
Lee Anne,Lightfoot,,,
Lee Burton,Hunt,,,
Lee J,Hart,,,
Lee Stephen,Rosenthal,,,
Leigh Harrison,Kent,,,
Leiser O,Silva,,,
Lenora A,McWilliams,,,
Lenora M,Leatherwood,,,
Leon A,Thomsen,,,
Leonard G,Fischer,,,
Leonard P,Trombetta,,,
Leonardo Augusto,Antenangeli,,,
Leonardo Elian Maximiliano Ilo,Gonzalez Torres,,,
Lesley A,Hart,,,
Lesley Kristyn,Watkins,,,
Lesli A,Vollrath,,,
Leslie A,Scates,,,
Leslie Ann,Frankel,,,
Leslie Ann,Scates,,,
Leslie C,Griffin,,,
Leslie C,Miles,,,
Leslie M,Gauna,,,
Leslie Michel,Gauna-Gago,,,
Leslie Nicole,Schwartz,,,
Leslie Nicole Contreras,Schwartz,,,
Leticia Christine,Villarreal,,,
Levent U,Gokdere,,,
Lia J,Smith,,,
Lila L,Carden,1623558,Lila,Carden
Lilia Cristina,Campos Gonzalez,,,
Liliana Veronica,Varela,,,
Lillian A.,Ortiz,,,
Lillian A.,Skogsberg,,,
Lillian Aguirre,Ortiz,,,
Lillian Laverne,Harris,,,
Linarejos Maria,Moreno Teva,,,
Linda Fay,Henderson,,,
Linda K,Acitelli,,,
Linda Kathryn,Storey,,,
Linda Marie,Williams,,,
Lindsay A,Schwarz,,,
Lindsey H,Lee,,,
Lindsey Rose,Stern,2486933,Lindsey,Stern
Linsey Allnatt,Ford,,,
Lionnel Ganir,Ronduen,,,
Lisa,Del Grande,1480867,Lisa,Del Grande
Lisa A,Wines,,,
Lisa A.,Wines,,,
Lisa Angelika,Whitehead,,,
Lisa Bench,Nieuwveld,,,
Lisa Elizabeth,Small,,,
Lisa Kay,Garrett,,,
Lisa L,Alastuey,832973,Lisa,Alastuey
Lisa M,Berry,,,
Lisa M,Farmer,,,
Lisa M,Kress,,,
Lisa M.,Penney,,,
Lisa Marie,Davis,,,
Lisa Marie,Stryjewski,,,
Lisa Marlene,Bohmer,,,
Lisa Michele,Tilton-McCarthy,,,
Lisa Walther,Sublett,,,
Lisa Whitehead,Koerner,,,
Liu Anibal,Mendoza Perez,,,
Liza Arminda,Barros,,,
Liza Barros,Lane,,,
Lizette O,Ompendoguelet,2190903,Lizette,Ompendoguelet
Lloyd D,Pate Jr,,,
Lloyd E,Schuh,,,
Loi H,Do,1916567,Loi,Do
Lonnie C,Vick Jr,,,
Lonnie Lyle,McKinney,,,
Lori A,Hathon,,,
Lori A,Lehtola,,,
Lori D,Banks,,,
Lori Danelle,Twomey,,,
Lori G,Osborn,,,
Lori Michele,Selzer,,,
Lorra Lynn,Garey,,,
Lorraine K,Stock,,,
Lorraine Oley,Cull,,,
Lorraine R,Reitzel,1866093,Lorraine,Reitzel
Lotus L,Bermudez,1444282,Lotus,Bermudez
Louis Durand,Evans,,,
Louis Durand,Evans III,,,
Louis Durand,Evans IV,,,
Lourdes R,Corona,,,
Lowell T,Wood,,,
Luai Abdulrauf A,Allarakia,,,
Luc Paul Joel,Le Bon,,,
Luis A,Arregoces,,,
Luis Daniel,Medina PhD,,,
Luis F,Velez,,,
Luis L,Salinas,733576,Luis,Salinas
Luis R,Torres-Hostos,,,
Luis RG,Oliveira,,,
Luisa Fernanda,Quiroga Arroyave,,,
Luziris Pineda,Turi,,,
Lycell Ching,Natividad,,,
Lydia B,Tiede,,,
Lydia J,Westbrook,,,
Lydia Oluchi,Ugwu,,,
Lydia Ruth,St Hill,2182198,Lydia,St Hill
Lyle W,Babcock,,,
Lynda Goltzman,Hallmark,,,
Lynda Keith,McKnight,,,
Lynda S,Villanueva,2417065,Lynda S,Villanueva
Lynn,Bentley III,,,
Lynn Alan,Bortka,,,
Lynn Evans,Mitchell,,,
Lynn Grimes,Lenert,,,
Lynn M,Maher,1155830,Lynn,Maher
Lynn M,Voskuil,,,
Lynnette M,Gilbert,2191138,Lynnette,Gilbert
Lynsey Michelle,Manley,,,
M Beckham,Dossett,,,
M H,Cersonsky,,,
M Pilar,Lumbierres,,,
M Reza,Khalili,,,
Mabel O,Rivera,,,
Madalyne R,Smith,,,
Madeleine V,Gorges,2087885,Madeleine,Gorges
Madelyn N,Coleman,,,
Madelyn Shackelford,Washington,,,
Madison Leigh,Luetge,,,
Madison Victoria,Hart,,,
Magdalena Alyssa Ellis,Curry,,,
Magdalena Manzano,Padilla,,,
Maha Claire,Elestwani,,,
Mahendra L,Joshi,,,
Mai-Ly Nguyen,Steers,,,
Maira Elizabeth,Alvarez,,,
Majid,Behzadian PhD,,,
Malachi D,Crawford,,,
Man Chiu,Wong,,,
Manju Elizabeth,Alexander,,,
Manuel,Vega Arroyo,,,
Manuel De Jesus,Rodriguez,,,
Manuel E,Buendia Arango,,,
Manuel J,Gutierrez,,,
Maranda T,Harris,,,
Marc A,Sennewald,,,
Marc C,Martin,,,
Marc H,Hanke,2056926,Marc,Hanke
Marc Joseph,Williams,,,
Marc L,Fleming,,,
Marcel A,de Dios,,,
Marcella Dawson,Watkins,,,
Marcella L,Norwood,,,
Marcelyn K,McNeil,,,
Marci R,Dallas,,,
Marcia A,Walker-McWilliams,,,
Marcia N,Beyer,,,
Marcia N,Bumgardner,,,
Marco A,Poisler,2631938,Marco,Poisler
Marco J,Mariotto,2180272,Marco,Mariotto
Marco J,Mariotto PhD,,,
Marcus A,Gamino,2063421,Marcus ,Gamino
Marcus Andrew,Cone,2611095,Marcus,Cone
Marcus David,Gonzales,,,
Marcus E,Martinez,,,
Marcus E.,Martinez,,,
Marcus G,Piccolo,,,
Marcus K,Maroney,,,
Margaret A,Kidd,,,
Margaret Ann,Dewhirst,2475992,Margaret,Dewhirst
Margaret Ann,Hale,,,
Margaret Ann,McMillan,,,
Margaret M,Crowley,,,
Margaret P,Robinson,,,
Margaret S,Cheung-Wyker,1826086,Margaret S,Cheung-Wyker
Margaret T,Blake,,,
Margarita Maria,Ramirez Rubio,,,
Margit F,Wiesner,,,
Margot Gayle,Backus,,,
Maria,Sanchez Carbajo,2712293,Maria,Carbajo
Maria A,Hernandez,,,
Maria Alejandra,Gonzalez-Perez,,,
Maria Aleksandrovna,Monserud,,,
Maria Aparecida Ferreira de An,Salgueiro,,,
Maria Biledith,Benzon,,,
Maria C,Besosa,,,
Maria C,Giliberti,1889698,Maria,Giliberti
Maria C,Gonzalez,,,
Maria D,Jimenez,,,
Maria Elena,Solino,,,
Maria Eugenia,Perez,1975198,Maria,Perez
Maria H,Yu,,,
Maria Isabel,Wilson,,,
Maria Jacinta,Majithia,,,
Maria Jose,Delgadillo,,,
Maria Kathryn,Baker,,,
Maria Laura,Zubiate,,,
Maria M,Chavez,,,
Maria Mercedes,Fernandez Asenjo,,,
Maria P,Echeverry,1886270,Maria,Echeverry Cadavid
Maria Paula,Arce-Trigatti,,,
Maria Pilar,Archila,,,
Maria Riis Dahlstrom,Corsi,,,
Maria Rui Yi,Ng,,,
Maria Victoria,Tejada-Simon,,,
Maria Vittoria Galli,Carminati Garbino,,,
Maria-Cristina Cruz,Wiley,,,
Mariam A,Manuel,,,
Marianne Marie-Wares,Essington,,,
Marie B,Beardsley,2292173,Marie,Beardsley
Marie Theresa,Hernandez,,,
Marie Theresa,Ramirez,,,
Marie-Celine Agnes,Johnson,,,
Mariella,De Alba Ortiz,,,
Marilyn Annette,Larsen,,,
Marilynn Hadassah,Graham,,,
Marina Yordanova,Ruseva,,,
Marino Ricardo,Lent,,,
Mario Ignacio,Romero Ortega,2581933,Mario,Romero-Ortega
Mario R,Rojas Cardozo,,,
Mario Roberto,Rojas,,,
Marion S,West,,,
Mark A,Bodron,,,
Mark A,Bullimore,,,
Mark A,Smith,1874843,Mark,Smith
Mark A,Womack,,,
Mark A.,Goldberg,,,
Mark Alan,Hughes,,,
Mark Alan,Knoblauch,,,
Mark Albert,Meier,,,
Mark Allen,Jenkins,,,
Mark Andrew,Buller,,,
Mark Cullom,Shepard,,,
Mark D,Goranson,,,
Mark Daniel,Sursavage,,,
Mark E,Juedeman,1889952,Mark,Juedeman
Mark E,Nuccio,,,
Mark J,Evans,,,
Mark Jason,Vane,,,
Mark K,Davis,,,
Mark L,Tomforde,,,
Mark S,Clarke,,,
Mark S,Kimbrough,2664659,Mark,Kimbrough
Mark Stephen,Hargrove,,,
Mark Steven,Esselman,,,
Markie Rae,McBrayer,,,
Marley Elyse,Foster,,,
Marlon Antoine,Smith,,,
Marsha Christine,Kowal,,,
Marshall E,Schott,,,
Marta,Rodriguez Fernandez,,,
Marta A,Fairclough,,,
Martha A,Stallman,,,
Martha J,Dunkelberger,,,
Martha J,Haun,,,
Martha R,Serpas,,,
Martin,Beller PhD,,,
Martin,Huarte Espinosa,,,
Martin H.,Luk,,,
Martin Herbert,Lindenberg,,,
Martin V,Melosi,,,
Marvin Lucien,Leblanc,,,
Marvin Stanley,Weintraub,,,
Mary A,Davis,,,
Mary A,Ottinger,,,
Mary B,Bean,1156106,Mary,Bean
Mary C,Gray,,,
Mary Carol,Schreier,,,
Mary Catherine,Hague,2274515,Mary,Hague
Mary E,Magsamen,,,
Mary E,Weber,,,
Mary E.,Henderson,,,
Mary Frances,Love,,,
Mary H,Beck,,,
Mary Jean,Doornbos,,,
Mary Lee,Webeck,,,
Mary Louise,Hotze,2642695,Mary-Louise,Hotze
Mary M,Morales,,,
Mary Margaret,Harlan,,,
Mary Reeves,Sykes,,,
Mary Rendon,Gould,,,
Maryam,Charmchian Langroudi,,,
Maryam Ahmad,Kazmi,2439757,Maryam,Kazmi
Mateo Montoya,Tannatt,,,
Mathew R,Johnson,,,
Matt B,O'Hare,,,
Matteo,Marongiu Porcu,,,
Matthew A,Wanat,,,
Matthew B,Cross,,,
Matthew C,Dirst,,,
Matthew Edward,Salesses,2247529,Matthew,Salesses
Matthew G,Caputo,,,
Matthew H,Erickson,,,
Matthew J,Clavin,,,
Matthew J,Krajniak,,,
Matthew J,O'Malley,,,
Matthew J.,Nicol,,,
Matthew James,Bizzell,,,
Matthew James,Kauffman,,,
Matthew Joseph,Williams,,,
Matthew Michael,Ward,,,
Matthew Musico,Pariyothorn,,,
Matthew Paul,Bean,,,
Matthew R,Zelisko,,,
Matthew Robert,Lamm,,,
Matthew Scott,Avery,,,
Matthew Sean,Yavuz,,,
Matthew W,Babb,2550163,Matthew,Babb
Matthew W,Johnson,,,
Matthew Ward,Gallagher,,,
Matthieu Aaron,Chapman,,,
Matylda Maria,Osika,,,
Maura Joefina,Pereira-De Leon,,,
Maura Josefina,Pereira-De Leon,,,
Maura Josefina,Pereira-Leon,,,
Maureen Grimes,Croft,,,
Mauricio,Patron Rivera,,,
Mauricio Alexander,Rivas,,,
Maurine Ogonnaya,Ogbaa,,,
Maurya Walker,Glaude,,,
Max James Anthony,Rayneard,,,
Maxim Alexandrovich,Olshanskiy,,,
Maxine Weinman,Epstein,,,
Maya Ravid,Greene,,,
Mayer H,Cersonsky,,,
Md Abdullah Al,Mashrur,2680913,Md Abdullah Al,Mashrur
Meagan Ann,Baker,,,
Meagan E,Carney,,,
Meaghan Marie,Callen,,,
Medhat A,El Nahas,,,
Megan Ashley,Daic,,,
Megan B,Woller,,,
Megan E,Bauml,,,
Megan E,Joseph,,,
Megan Elizabeth,Siercks,,,
Megan Elizabeth,Varvir Coe,,,
Megan H,Jackson,,,
Megan K,Britton,,,
Megan L,Robertson,2226744,Megan,Robertson
Megan Leigh-Wilson,Davis,,,
Megan Lynn,Akogyeram,,,
Megan M,Paris,,,
Megan N,Badger,,,
Megan Sarah,Rodgers,,,
Meghan K,Roche,,,
Meghan Lindsay,Martin,,,
Meghana,Trivedi PhD,,,
Melanie Anne,Roth,,,
Melanie Brooke Pannell,Steel,,,
Melanie C,Long,,,
Melanie E,Pang,1804014,Melanie,Pang
Melanie Pierce,Brkich,2068163,Melanie,Brkich
Melanie R,Rudd,1869186,Melanie,Rudd
Melanie Rebecca,Salome,,,
Melanie Roth,Lemanski,,,
Melanie Suzette,Barr Fitzpatrick,,,
Melinda C,Kanner,,,
Melinda Gayle,Kirtley,,,
Melissa Ann,Gallagher,,,
Melissa C,Bruce,,,
Melissa D,Suhr,,,
Melissa E,Pierson,,,
Melissa Irene,Torres,,,
Melissa J,Gooch,,,
Melissa Kay,Manske,,,
Melissa L,Zastrow,2503304,Melissa,Zastrow
Melissa Lynn,Noble,,,
Melissa Manske,Caldwell,,,
Melody Yunzi,Li,2425480,Melody,Li
Melvin Alfred,Todd,,,
Mequanint A,Moges,,,
Meredith J,Duncan,,,
Meredith Leone,Cawley,,,
Meredith R,Goldsmith,,,
Merle M,Morris,,,
Merrilee Ruth,Gietz,,,
Merrill Charles,Hiscock,,,
Mertie M,Gomez,,,
Meryl Slipakoff,Cohen,,,
Metin,Akay PhD,,,
Meyer R,Rubinstein,,,
Micaela N,Alfaro Gonzales,,,
Micah D,Wilkinson,,,
Michael A,Gonzales,,,
Michael A,Lindenberger,,,
Michael A,Little,,,
Michael A,Odio,,,
Michael A,Olivas,,,
Michael A,Rea,,,
Michael Alan,Carambas,,,
Michael Alan,Orlando,,,
Michael Alex,Toskovich,,,
Michael Cedric,Thatcher,,,
Michael Charles,Engelhart,,,
Michael D,Knight,,,
Michael D,Morfey,,,
Michael D,Twa,,,
Michael D,Waldron,,,
Michael D.,Morfey,,,
Michael David,Rapp,,,
Michael Dean,Chance,2005674,Michael,Chance
Michael Edward,Olson,,,
Michael Edward,Walz,,,
Michael F,Orr,,,
Michael Herman,Miller,,,
Michael J,Craig,,,
Michael J,Murray,,,
Michael J,Sicinski,2398280,Michael,Sicinski
Michael J,Zvolensky,,,
Michael J.,Smith,,,
Michael James,Fares,,,
Michael James,Neel,,,
Michael John,Dawson,,,
Michael John,Griffin III,,,
Michael L,Brusasco,,,
Michael L,Johnson,,,
Michael Lawrence,Pede,,,
Michael Lee,Bennett,,,
Michael Loyd,Strickland,,,
Michael P,Harold,1832921,Michael,Harold
Michael R,Pettiette,,,
Michael R,Winters,,,
Michael Ray,Charles,2016158,Michael,Charles
Michael Ray,Newman,,,
Michael S,Ewer,2702360,Michael,Ewer
Michael Seth,Mittag,,,
Michael Sydney,Parks,,,
Michael Tolbert,Myers,,,
Michael W,Bise,,,
Michael W,Loftin,,,
Michael W,Nash,2134204,Michael,Nash
Michael W,Williams,,,
Michael Wayne,Emerson,,,
Michael Winston,Clark,,,
Micheal A,Taylor,,,
Michel J,LeBlanc,1998123,Michel ,LeBlanc
Michele M,Verma,1520833,Michele,Verma
Michele Paige,Nereim,,,
Michele Roberta,Lucas,,,
Michelle Allison,Babicz,,,
Michelle Ann,Russen,,,
Michelle C,Quist,1915637,Michelle,Quist
Michelle E,Orsi,,,
Michelle E,Washburn,,,
Michelle Helene,Belco,,,
Michelle J,Oakes,,,
Michelle Kimberly,Robinson,,,
Michelle L,Ivey,,,
Michelle L,Saltarrelli,,,
Michelle Lyn,Shoulders,,,
Michelle Renae,Parker,,,
Mignonette H,Mountain,,,
Miguel,Burgess Monroy,2648649,Miguel,Monroy
Miguel A,Caceres,,,
Miguel A,Ramos,,,
Miguel A,Saldana,,,
Miguel Angel,Lozano Garcia,,,
Miguel Angel,de la Flor,,,
Miguel T,Fleischer,,,
Mike O,Lee,,,
Mike Yuwei,Hsu,1889765,Mike,Hsu
Mikel Walker,Cole,,,
Mikhail Antolyevic,Perepelitsa,,,
Mildred Aline,Baldwin,1942009,Mildred ,Baldwin
Milena A,Margulis,,,
Mimi Miyoung,Lee,,,
Min Jung,Shin,2383838,Min,Shin
Min Kyu,Joo,2231078,Min-Kyu,Joo
Mina M.R.,Dawood,,,
Ming Chew,Teo,,,
Miranda Angelena,Vernon-Harrison,,,
Miriam Y,Werner,,,
Mischa Alejandro,Aravena Edwardh,,,
Misty Paul,Black,2209433,Misty,Black
Misty Rochelle,Black,,,
Mitzi S,Laughlin,,,
Moazzam A,Khoja,,,
Mohamad Subhi,Hindi,,,
Mohamad Y,Mansour,,,
Mohamed Ahmed,Mohamed,,,
Mohamed M,Abdulla,2355765,Mohamed,Abdulla
Mohamed Riduan,Abid,2263815,Mohamed,Abid
Mohamed Yousef,Soliman,,,
Mohammad Amin,Alipour,,,
Mohammad Imad,Khan,,,
Mohammad J,Zaheri,,,
Mohammad Reza,Abidian,2152853,Mohammad,Abidian
Mohammad Sadegh,Kazemi Zarkouei,,,
Mohd Ikhram,Jamaluddin,,,
Mohsen,Torabi Dizaji,,,
Monica A,Sanchez,,,
Monica Bowerman,Urban,,,
Monica Harper,Muschalik,,,
Monica Lyn,Gonzalez,,,
Monica Raquel,Garcia,,,
Monica Wilch,Perin,,,
Monika Joanna,Alters,,,
Monique G,Studak,,,
Monique L,Ogletree-Hughes,,,
Monique Renae,Pappadis,,,
Monique T,Mills,,,
Morad B.,Kabiri,,,
Morgan Draper,Kauffman,,,
Mozahid Al,Haque,2195694,Mozahid,Haque
Muhammad Ali,Siddiqui,,,
Muhammad Nisarul,Haq,,,
Muhammad Z,Iqbal,,,
Muhammet Sait,Yavuz,,,
Muriel L,Martinez,,,
Muriel M,Martinez,,,
Mustafa F,Lokhandwala,,,
Mustafa Kamil,Guven,,,
Naamleela Free,Jones,,,
Nabeel A,Alrawi,2086018,Nabeel,Alrawi
Nabila Rahman,Biju,,,
Nadia H,Agha,,,
Nakia T,Alexander,,,
Nam V,Nguyen,,,
Nancy Ann,Barnhart,,,
Nancy Beck,Young,,,
Nancy C,George,,,
Nancy D,Ordonez,,,
Nancy E,Weems,,,
Nancy Elizabeth,Murphy,,,
Nancy Jane,Currie-Gregg,,,
Nancy K,Pearson,,,
Nancy Katharine,Ligon,,,
Nancy Katharine,Reis,,,
Nancy Lou,Sims,,,
Nancy Ngoc,Vuong,,,
Nancy Zalmanek,Evetts,,,
Naomi K,Werner,,,
Narayan S,Umanath,,,
Narendra K,Gosain,,,
Narendra Kumar,Gosain,,,
Natalia A,Bondar,,,
Natalia A.,Zhivan,,,
Natalia Eunice,Trigo Acuna,,,
Natalia Scotto,Piqueira,,,
Natalie Anne,Ware,,,
Natalie M,Stigall,,,
Natalie Melissa,Houston,,,
Natalie Nicole,Webster,,,
Natalya E,Egon,2047917,Natalya,Egon
Natasha,Cesar Suarez,2120192,Natasha,Cesar Suarez
Nathan A,Stabenfeldt,,,
Nathan Alexander,Jarvis,,,
Nathan G,Smith,,,
Nathan Joseph,Canen,,,
Nathan Matthew,Block,,,
Nathanael Ralph,Gross,,,
Nathaniel Allen,Ruleaux,,,
Nathaniel L,Woods,,,
Nathaniel T,Hammen,,,
Natilee O,Harren,,,
Navneet Kaur,Thind,1848580,Navneet,Thind
Ndifreke Mfon,Ette,,,
Neelofer A,Tajani,,,
Neeta Anjali,Ramkumar,,,
Neil N,Eldin,1071494,Neil,Eldin
Neil T,Chaffee,,,
Nelly N,Ossia,1940553,Nelly,Ossia
Nestor Gregory,Carter,,,
Neysi,Romero Jurado,,,
Ngoc Minh,To,,,
Nicholas A,Armenti,2154831,Nicholas,Armenti
Nicholas A,Johnson,,,
Nicholas D,Beyda,,,
Nicholas Fredrick,Jackson,,,
Nicholas George,Sissa,,,
Nicholas J,Spezza,,,
Nicholas M,Leger,,,
Nicholas P.,Cox,,,
Nicholas Paul,De Genova,,,
Nicholas Ryan,Jackson,,,
Nick Gerard,Drapela,,,
Nick Gus,Kapatos,,,
Nicky Ray,Holdeman,,,
Nicole Ashley,Alonso,,,
Nicole B,Casarez,,,
Nicole D,Richardo,,,
Nicole Deltrese,Richards,,,
Nicole Footen,Bromfield,,,
Nicole Lee,Leonhard,2033719,Nicole,Leonhard
Nicole Lynne,Davis,,,
Nicole M,Andrews,,,
Nicole Marie,Bishop,,,
Nicole R,Huff,,,
Nicomedes Ramon,Marina,,,
Nigel John,Alley,,,
Nikolai I,Weaver,,,
Nikolaos V,Tsekos,,,
Niladri B,Syam,,,
Nimesh Bhikhu,Patel,,,
Nina M,Howard,,,
Nina S,Tucci,,,
Noah Benjamin,Leen,,,
Noe J,Marmolejo,2295058,Noe,Marmolejo
Noelia Carolina,Clerigo,,,
Nooshin,Ahmadi Esfahani,,,
Norah Linda Andrews,Gharala,,,
Norma E,Olvera,,,
Norman A.,Johnson,,,
Norman E,Leach,,,
Norman J,Nadorff,,,
Norman L,Comstock,,,
Nouhad J,Rizk,,,
Novuyo Rosa,Tshuma,,,
Nubia Angelina,Mayorga,,,
Nuri Firat,Ince,,,
Nuria Montserrat,Enriquez Burria,,,
Obiomachukwu Calvin,Umeozor,,,
Odean Lee,Volker,,,
Odochi Iquo,Nwoko,,,
Ognjen S,Miljanic,,,
Olga Vladimirovna,Datskova,,,
Olha V,Kofman,,,
Olin G,Johnson,,,
Oliver C.,Nwofia,,,
Oliver Mack,Rogers,,,
Olivia Katherine,Childers,,,
Olusegun Maria,Babalola,,,
Oluwamayowa Ade,Adeleke,,,
Omprakash D,Gnawali,,,
On Cheong Daniel,Wong,,,
Oner Ulvi,Celepcikay,,,
Oomman K,Varghese,1815083,Oomman,Varghese
Oren Verdayne,Zimmerman,,,
Orrin James,Swift,,,
Oscar De Jesus,Galvez Soriano,,,
P Shiv,Halasyamani,,,
Pablo Guillen,Rondon,,,
Pablo M,Pinto,,,
Paige A,Willson,,,
Paige K,Evans,,,
Paige V,Quinones,,,
Paloma A,Serrano,,,
Pamela Doss,Nieto,,,
Pamela E,Powell,,,
Pamela Kay,Harlan,1925920,Pamela,Harlan
Pamela O'Dell,Miller,,,
Pamela R,Ogden,,,
Pamela Renee,Minigan,,,
Pamelyn K,Shefman,,,
Pankaj Kumar,Singh,,,
Pannal Alan,Sanders,,,
Paras D,Mehta,,,
Patrice E,Charleville,,,
Patricia Ann,Oliver,,,
Patricia Anne,Obulaney,,,
Patricia G,Reed,,,
Patricia G,Taylor,,,
Patricia K,Schrader,,,
Patricia K,Schrader PhD,,,
Patricia L,Yongue,,,
Patricia Lynne,Dorsey,,,
Patricia T,Hollingsworth,,,
Patrick A,Peters,,,
Patrick August,Koen,,,
Patrick C,Cirino,1633443,Patrick,Cirino
Patrick C,James,,,
Patrick D,Masterson,,,
Patrick Daniel,Poole,,,
Patrick J,Ellis,,,
Patrick Livingston,Lukingbeal,,,
Patrick Nathanial,Daniel,,,
Patrick R.,Snow,,,
Patrick S,Bordnick,,,
Patti A,Tolar,,,
Paul,Jukes PhD,,,
Paul,Van Slyke,,,
Paul A,Bertagnolli,,,
Paul A,Kittelson,,,
Paul Aaron,Samson,,,
Paul Alexander,Warren,,,
Paul E,Krieger,,,
Paul G,Butler,,,
Paul George,Homeyer,,,
Paul Herbert,Asofsky,,,
Paul J,Allen,2360448,Paul,Allen
Paul J,Massman,,,
Paul J,Stapleton,2426685,Paul,Stapleton
Paul Jarrod,Decarlo,,,
Paul Joseph,Rivers,,,
Paul Kneath,Jones,,,
Paul L,Schneider,1997837,Paul,Schneider
Paul P,Jacob,,,
Paul Pierre,Rousse Jr,,,
Paul Pyungsoo,Kim,,,
Paul R,Gregory,,,
Paul R,Raffoul,,,
Paul R,Swank,,,
Paul Stanley,Grabowski,,,
Paul Tharlie,Skaggs,,,
Paul Victor,Garza,2692257,Paul,Garza
Paula M,Short,,,
Paula Suzanne,deWitte,,,
Paulette Davis,Gadison,,,
Pavan R,Hosur,2510742,Pavan,Hosur
Pedro Revuelta,Gutierrez,,,
Penelope J,Piercy,2248446,Penelope,Piercy
Penelope J.,Piercy,2248446,Penelope,Piercy
Penelope Junker,Piercy,,,
Perri F,Segura,,,
Peta-Gay C,Ledbetter PhD,,,
Peter A,Lowy,,,
Peter A,Querubin,,,
Peter Anthony,Emmet,,,
Peter C,Bishop,,,
Peter D,Turchi,,,
Peter H,Doe,,,
Peter J,Clark,1967601,Peter,Clark
Peter J,Norton,,,
Peter J,Zweig,2489524,Peter,Zweig
Peter John,Cass,,,
Peter John,Weber,2565006,Peter,Weber
Peter Wainaina,Kimani,,,
Phaneendra Babu,Kondapi PhD,,,
Philip A,Morabito,,,
Philip Brian,Kershaw,,,
Philip Charles,Snyder,,,
Philip D,Rogers,,,
Philip E,Lehl,,,
Philip M,Emery II,,,
Philip R,Jones,,,
Philip William,Walker,,,
Philippe J.,Masson,,,
Phillip Hilliard,Presswood,2592944,Phillip,Presswood
Phillip I,Freeman,,,
Phillip James,Campbell,,,
Phillip M,Jolly,,,
Phillip S.,Wiseman,,,
Phillip Zachary,Kieval,,,
Phuong Son Bao,Nguyen,,,
Phuong Thi Mai,Nguyen,,,
Phyllis Rayburn,Roberts,2453979,Phyllis,Roberts
Pius K,Leung,,,
Poi Ten Ada,Cheung,,,
Polina G,Kharmats,,,
Pooran Singh,Negi,1941612,Pooran,Negi
Powell Ersell,Robinson Jr,,,
Prajakta Purushottam,Bedekar,,,
Pranav J,Parikh,2124463,Pranav,Parikh
Pratap Reddy,Talusani,,,
Praveen P,Bollini,2485171,Praveen,Bollini
Preetal Praful,Shah,,,
Preethi H,Gunaratne,,,
Preston Glenn,Wendel,,,
Preston John,Hartzell,,,
Priscilla T,Tinsley,1894560,Priscilla,Tinsley
Qindeel Rehman,Butt,,,
Quentin K,Stewart,,,
Quy Ngoc,Truong,,,
R Anthony,Rolle,,,
R. Christopher,Small,,,
Rachael Gwin,Whitaker,,,
Rachel,Italiano Linn,,,
Rachel Afi,Quinn,,,
Rachel Elizabeth,Early,2144031,Rachel,Early
Rachel Elizabeth,Pope,2593227,Rachel,Pope
Rachel G,Hecker,,,
Rachel Graff,Levine,,,
Rachel Kam,Flores,,,
Rachel L,Jobe,,,
Rachel Marie,Cendrick,,,
Rachel R,Bush,1374532,Rachel,Bush
Rachelle Alexis Cates,Joplin,,,
Radhika Meda,Reddy,,,
Rafael A,IzarraGarcia,2063418,Rafael,IzarraGarcia
Rafael G,Naranjo,1858440,Rafael,Naranjo
Rafael R,Longoria,,,
Rafael Simon,Gamero,,,
Raghu Ram,Bommaraju,,,
Rahul B,Patel,,,
Rainey C,Booth,,,
Raj Kumar,Singh,,,
Rajab Ali,Sayed,2120275,Rajab,Sayed
Rajan N,Chokshi,,,
Rajender R,Aparasu,1327050,Rajender,Aparasu
Raji Lakshmi,Aiyer,,,
Rajkamal Kamaladevi,Vasu,,,
Rakesh M,Verma,,,
Ralph Jay,Herring,,,
Ralph W,Metcalfe,,,
Ramachandra S,Srinivasan,,,
Ramesh Kumar,Pokharel,,,
Ramesh L,Shrestha,,,
Ramiro Ruiz,Juarez,,,
Ramon Edgardo,Barralaga Ventura,,,
Ramon Gustave,Viada III,,,
Ramona Caravella,Mateer,,,
Ramona Leonard,Riley,,,
Ramona Lynn,Taylor,,,
Rana Ihsan,Rifai,,,
Randal W.,Sitton,,,
Randall A,Prince,,,
Randall S,Griffin,,,
Randall William,Crouch,,,
Randi Jill,Betts,,,
Randolph B,Cooper,,,
Randolph J,Widmer,,,
Randolph P,Thummel,,,
Randy C.,Polk,,,
Randy Wayne,Charrier,,,
Raphael Xaveria,Moffett,,,
Raquel Andreina de la Trinidad,Abend Van Dalen,,,
Ratan D,Bhagat,,,
Rathindra N,Bose,,,
Ravi Chandran,Ponnusamy,,,
Ravi K,Birla,,,
Ravi P,Brahmbhatt,1923225,Ravi,Brahmbhatt
Raylena A,Browning,,,
Raymond,Gnanwo Hounfodji,,,
Raymond A,Applegate,,,
Raymond Alexander,Bentley,2077094,Raymond ,Bentley
Raymond Curtis,Harvey,,,
Raymond E.,Cline Jr,,,
Raymond L,Britton,,,
Raymond T,Nimmer,,,
Raymond W,Flumerfelt,,,
Razvan C,Ungureanu,,,
Rebecca A,Zufall,,,
Rebecca Achee,Thornton,227422,Rebecca Achee,Thornton
Rebecca Ann,Da Costa,,,
Rebecca Ann,George,,,
Rebecca B,Martin,2034510,Rebecca,Martin
Rebecca B,Valls,,,
Rebecca C,Gonzalez,,,
Rebecca Carol,Lowicki,,,
Rebecca D,Grant,,,
Rebecca Elizabeth,Smith,,,
Rebecca Erin,Haskell,,,
Rebecca Hallman,Martini,,,
Rebecca Jo,Long,,,
Rebecca Kathryn,West,,,
Rebecca L,Forrest,,,
Rebecca L,Mauldin,,,
Rebecca L,Robertson,,,
Rebecca Lauren,Hallman,,,
Rebecca Lynne,Golden,,,
Rebecca M,Bresnik,,,
Rebecca R,Perez,,,
Rebecca Rose,Ward,,,
Rebecca Sara,Lipschutz,,,
Rebekah Ann,Poklemba,,,
Regina M,Capuano,,,
Reginald Alexander,Bain,2270373,Reginald,Bain
Rehal A,Bhojani,,,
Reiko K,Boyd,,,
Reinaldo J,Gonzalez,,,
Rena O,Tillinghast,,,
Rena Olivia,Bradley,,,
Rena R,Cook,,,
Renata,Fernandes Guzzo,,,
Renee Cecile,Armacost,,,
Renee D,Cross,,,
Renee N,Knake,,,
Renita Elillian,Horton,,,
Renu Kumari,Sachdeva,,,
Reuben G,Parrish,1868901,Reuben,Parrish
Rex A,Koontz,,,
Rey A,Trevino Jr,,,
Reynaldo,Romero Jr,,,
Rheeda L,Walker-Obasi,,,
Rheeda Lynette,Walker-Obasi,,,
Rhona L,Brink,,,
Rhonda G,Patrick,,,
Rhonda G.,Patrick,,,
Ricardo,Beltran Jr,,,
Ricardo Ejovi,Obasare,,,
Ricardo Ernesto,Nuila,,,
Ricardo Jose,Colmenter,,,
Richard A,Baker,,,
Richard A,Bond,,,
Richard A,Garner,1844439,Richard,Garner
Richard A,Kasschau,,,
Richard A,Peters,,,
Richard Allen,Ginsburg,,,
Richard Alois,Thienel,,,
Richard Anthony,Cruz,,,
Richard Austin,Schwartz,,,
Richard B,Bannerot,2106943,Richard,Bannerot
Richard Byron,Ratliff,,,
Richard C,Beaven,,,
Richard Chad,Kniffen,,,
Richard D,Knapp,,,
Richard F,Dole,,,
Richard G,Rokovich,,,
Richard G,Taylor,,,
Richard H,Armstrong,,,
Richard H,Stack,,,
Richard J,Carson,,,
Richard J,Simpson,,,
Richard James,Skinner,,,
Richard Joseph,Walden,,,
Richard Kenneth,Clarkson,,,
Richard M,Alderman,,,
Richard M,McElvaney,,,
Richard M.,Mizelle Jr,,,
Richard Michael,Simonds,,,
Richard P,Meisel,,,
Richard Paul,Flake,,,
Richard Phillip,Kinsey,,,
Richard R,Carlson,,,
Richard R,Eierdam,,,
Richard S,DeFrank,,,
Richard W,Goodrich,,,
Richard W,Murray,,,
Richard W,Scamell,,,
Richard Wilson,Goodrich,,,
Ricky A,Raven,,,
Ricky Roy,Johnson,2248666,Ricky,Johnson
Riolama Mercedes,Lorenzo-Lasa,,,
Rissa Selene,Cone,2189921,Rissa,Cone
Rita Benoit,Griffin,,,
Rita Evelyn,Sirrieh,2507889,Rita,Sirrieh
Rizvan U,Quadri,,,
Robert,Long III,,,
Robert A,Carp,,,
Robert A,Ragazzo,,,
Robert Alen,Denton,,,
Robert Austin,McKee,,,
Robert B,Johnson,,,
Robert B,Liddell,,,
Robert B,Mayes,,,
Robert B,Powell,,,
Robert B,Shimko,,,
Robert Barkley,Tierney,,,
Robert Bennett,Chapman PhD,,,
Robert C,Kelly,,,
Robert C,Palmer,,,
Robert C,Thomas,,,
Robert C.,Bronk,,,
Robert Carl,Hausmann,,,
Robert D,Zaretsky,1829425,Robert,Zaretsky
Robert Darius,Legans-Johnson,,,
Robert Duc,Le,,,
Robert Earl,Slovak,,,
Robert Francis,McStay Jr,,,
Robert Frank,Houghton,,,
Robert G,Fleming,,,
Robert Gerard,Vecera,2294109,Robert,Vecera
Robert Guy,Azencott,,,
Robert H Jr,Barr,,,
Robert Higgins,Hughes Jr,,,
Robert Houston,Howell,,,
Robert J,Kelly,,,
Robert J,Schwartz,,,
Robert Joseph,Burns,,,
Robert Joseph,Comito,,,
Robert K,Morris,,,
Robert L,Boswell,,,
Robert L,Bregman,,,
Robert L,Shoss,,,
Robert L.,Dempsey,,,
Robert Lewis,Hancock,,,
Robert Lindsey,Hilliker,,,
Robert Lucas,Williams,,,
Robert M,Roach,,,
Robert Marus,Orallo III,,,
Robert McNamee,Walp,,,
Robert N,Barbee,,,
Robert N,Lea,,,
Robert O,Fox,,,
Robert Paul,Cremins,,,
Robert Paul,Mendez,,,
Robert R,Atherholt,,,
Robert R,Stewart,1389744,Robert,Stewart
Robert S,Milbrath,,,
Robert S,Provence,,,
Robert S.,Provence,,,
Robert Scott,Allen,,,
Robert Scott,McGowen,,,
Robert Shearon,Wicoff,,,
Robert Spencer,Dooley,,,
Robert T,Keller,,,
Robert Thomas,Smith,,,
Robert Vincent,Schneider,,,
Robert W,Burrow,1950493,Robert ,Burrow
Robert W,Eisenberger,,,
Robert W,Gilmer,,,
Robert W,Wiley,,,
Roberta Frances,Weldon,,,
Roberta L,Nutt,,,
Roberta M,Leal,,,
Roberto Jose,Tejada,,,
Robin Ann,Proctor,,,
Robin Edward,Gearing,,,
Robyn Michelle,Brittain,2631815,Robyn,Brittain
Rod Jason,Azadan,,,
Rodi L,Franco,,,
Rodica Ioana,Damian,2145645,Rodica,Damian
Rodney Lee,Slaton,,,
Rodney R,Cluff,,,
Rodolfo,Ostilla Monico,2406441,Rodolfo,Monico
Rodrick K,Jordan,,,
Rogelio David,Gonzalez,,,
Roger A,Rider,,,
Roger L,Boltz,,,
Roger N,Blakeney,,,
Roger P,Abshire,,,
Rohith Krishna,Reddy,,,
Roland B,Moore,,,
Rolando B.,Pablos,,,
Roman S,Czernuszewicz,,,
Ronald Brian,Smith,,,
Ronald F,Singer,,,
Ronald H W,Hoppe,,,
Ronald K.,Hopkins,,,
Ronald L,Scott,,,
Ronald Lyle,Chichester,,,
Ronald S,Harwerth,,,
Ronald V,Vardy,228025,Ronald,Vardy
Ronda L,Dearing,,,
Ronda Scarbrough,Reyna,,,
Roni Leigh,Burren,,,
Roni Sunderman,Mihaly,,,
Ronnie L,Self,,,
Rosa Mack,Dokes,,,
Rosalie F,Maddocks,,,
Rosalva Angelica,Alamillo Olivas,,,
Rosario Charles,Laudicina,,,
Rose T,Faghih,,,
Rosenda Murillo,Hill,,,
Roshawnda M,Anderson,,,
Ross George,Wienert,,,
Ross S,vanWassenhove,,,
Roy J,Ruffin,,,
Rupa S,Iyer,,,
Ruqqayya H,Maudoodi,,,
Rusquin Roberto,Chadez Ibarra,,,
Russell A,Geanangel,,,
Russell E,Usnick,,,
Russell F,Gundrum,,,
Russell Gene,Larsen,2497813,Russell Gene,Larsen
Russell J,Malik,,,
Russell L,Curtis,,,
Rustin D,Crutchley,,,
Ruth Ann,Evans,,,
Ruth Arlene,Kravetz,,,
Ruth Ellen,Piller,,,
Ruth Maria,Lopez,,,
Ruth Nan,Hoffman-Lach,,,
Rutherford R,Cravens,,,
Ryan A.,Gabbart,,,
Ryan D,McConnell,,,
Ryan J,Maierson,,,
Ryan M,Jewell,,,
Ryan Michael,Marquez,,,
Ryan N,Dennis,,,
Ryan P,Kennedy,,,
Ryan Thomas,Canolty,,,
Ryan W.,Black,,,
Saadet,Konak Unal,,,
Saara K.,Raasu,,,
Sabino,Luevano Ortega,,,
Sabrina Elise,Charrier,,,
Sabrina Sharma,Mahmood,,,
Sabrine Ahmad,Assi,,,
Sadie E,Hash,,,
Sadie Elisabeth,Hash,,,
Sahar Riyad,Hamzah,,,
Sai Harsha,Katuri,,,
Saira Syed,Rab,,,
Salah Uddin,Ahmad,,,
Saleha B,Khumawala,,,
Sally N,Vaughn,,,
Samantha Gwen,Farris,,,
Samantha J.,Lay,,,
Samantha Lauren,Gardecki,,,
Samantha Lynn,Manchac,,,
Samantha M,Thilen,,,
Samantha Marie,Dante,,,
Samantha Marie,Rodriguez,2025927,Samantha ,Rodriguez
Samantha S,Kwan,1085795,Samantha,Kwan
Samir Jabra,Foteh,,,
Samira Bano,Ali,2147974,Samira,Ali
Samiria E,Percival,,,
Samuel C,Mansfield,,,
Samuel D,Hanlon,,,
Samuel D,McQuillin,,,
Samuel J,Dinger,2181699,Samuel,Dinger
Samuel Lawrence,Aitken,,,
Samuel Richard,Brower,,,
Sandra A,Lopez,,,
Sandra E,Gold-Singleton,,,
Sandra Guerra,Thompson,,,
Sandra I,Enriquez,1914834,Sandra,Enriquez
Sandra Isabel,Veras,,,
Sandra Lynn,Dybala,,,
Sandra M Gross,Frieden,,,
Sandra Renee,Kalu,,,
Sandra Scott,Lee,,,
Sandrine,Docgne Penlap,,,
Sang Byung,Seo,2221960,Sang,Seo
Sang Kyu,Cho,,,
Sanja A,Korman,,,
Sara Ann,Brothers,,,
Sara C,Rolater,,,
Sara E,Becker,,,
Sara G,McNeil,,,
Sara I,Cronin,,,
Sara Jolly,Jones,,,
Sara T,Cooper,,,
Sara Terese,Cooper,,,
Sarah A,Malik,2577087,Sarah,Malik
Sarah A,Rowbottom,,,
Sarah Antonia,Sudhoff,,,
Sarah Arlene,Mallams,,,
Sarah Beth V.,Kitch,,,
Sarah C.,Narendorf,,,
Sarah E,Ehlers,2020901,Sarah,Ehlers
Sarah E,Robinson,,,
Sarah E,Spring,,,
Sarah Elisabeth,Pina,,,
Sarah Elizabeth,Ochs,,,
Sarah Fishman,Boyd,,,
Sarah Katherine,Borders,,,
Sarah Kielt,Costello,,,
Sarah L,Luna,2007879,Sarah,Luna
Sarah Melissa,Straub,,,
Sarah Michelle,Holloway,,,
Sarah Samir,Chehade,,,
Sarah Stanford,Mire,,,
Sarah T,Mcclung,,,
Sarath Kumar,Menon-Chembottil,,,
Sarita Talusani,Keller,,,
Sascha Daniel,Hein,,,
Sashe Dimanin,Dimitroff,,,
Satish Kumar,Pandey,,,
Saul,Hernandez Vargas,2647335,Saul,Hernandez Vargas
Savanna M,Tierney,2357288,Savanna,Tierney
Sayali Sandesh,Waingankar,,,
Schetauna D.,Powell,,,
Scot A,Pott,,,
Scott A,Sherman,,,
Scott A,Van Beck,,,
Scott Bailli,Stevenson,,,
Scott J,Basinger,,,
Scott J,Hofer,,,
Scott Michael,Rando,,,
Scott P,Vlasek,,,
Scott R,Cutlip,,,
Scott R,Gilbertson,,,
Scott Ray,Cutlip,,,
Scott Robert,Furtwengler,,,
Scott T,Taylor Jr,2542700,Scott,"Taylor, Jr."
Scott Vandenburgh,Savage,,,
Scott William,Randall,,,
Seamus A,Curran,,,
Sebastian,Vallejo Vera,2658453,Sebastian,Vera
Sebastian Joseph,Lecourt,,,
Sebastian Luke,Montes,,,
Seemantini M,Pathak,,,
Selina H,Chapa,,,
Sendy Patricia,Monarrez Martinez,,,
Sergey M,Belov,1899506,Sergey,Belov
Sergio Daniel,Vera Rea,,,
Serwaa S,Omowale,,,
Seshadri N,Tirunillai,,,
Seth J,Chandler,,,
Seth Micheal,Lapeyrouse,1849343,Seth,Lapeyrouse
Seung Min,Yae,,,
Seyedeh Hanie,Seyed Joodat,2500600,Seyedeh,Seyed Joodat
Seyedsaleh,Kalantari Hematabadi,,,
Shaefali Pillai,Rodgers,2414109,Shaefali,Rodgers
Shafik I,Rifaat,,,
Shahrukh A,Irani,,,
Shailendra Pramod,Joshi,2476361,Shailendra,Joshi
Shainy B,Varghese,,,
Shana L,Hoehn,,,
Shane Michael,Lake,,,
Shane Russell,Tolleson,,,
Shang Huan,Chiu,2259032,Shang-Huan,Chiu
Shanna L,Barnett,,,
Shannon D,Williams,,,
Shannon Danielle,Uphold,,,
Shannon Diondrea,Hodges,,,
Shannon Hayes,Faseler,,,
Shannon L,Bishop,,,
Shannon L,Duncan,,,
Shannon Marie,Alba,,,
Shantera Rayford,Davis,,,
Sharad K,Patel,,,
Shari Marlene,Mauthner,,,
Sharla Stettnisch,Colbert,1995292,Sharla,Colbert
Sharlene M,Laud,,,
Sharon A,Johnson,,,
Sharon Cecilia,Conover,,,
Sharon D,Spillman,,,
Sharon E,Hormann,,,
Sharon G,Borja,,,
Sharon Grigsby,Hill,,,
Sharon Joy,Turner,,,
Sharon K,Bode,,,
Sharon M,Davis,,,
Shasta F,Jones,,,
Shatun B,Patel,2595843,Shatun,Patel
Shaun Xiaoliu,Zhang,,,
Shawn Christopher,Kent,,,
Shawn M.,Owens,,,
Shawn R,O'Brien,,,
Shay Thornton,Kulha,,,
Shaynee M,Roper,,,
Shea Mosley,Culpepper,,,
Sheara Williams,Jennings,,,
Shedrick Donell,Johnson,,,
Sheena A,Arackal,1917264,Sheena,Arackal
Sheena D,Branton,,,
Sheetal Satish,Kini,,,
Sheila Kaur,Singh,,,
Shelley A,Gonzales,,,
Shelley Calene,Black,,,
Shemeka S,Phipps,,,
Sheng Kuan,Chung,889296,Sheng Kuan,Chung
Shermel Vinese,Edwards-Maddox,,,
Sherry A,Zivley,,,
Sheryl,Tucker de Vazquez,,,
Sheryl A,Conkelton,,,
Sheryl T,Dacso,,,
Shilpa B.,Trivedi,,,
Shin-Shem Steven,Pei,,,
Shirin H,Yousefi,,,
Shirley D,Ezell,,,
Shou-Hsuan Stephen,Huang,,,
Shu Hsiu,Chen,,,
Shuhab D.,Khan,,,
Shuheng H.,Pan,,,
Shulunda K,Gibson,,,
Sidney Leslie,Chadwick,,,
Sigurd M,Oegaard,,,
Simon,El Hage,1714964,Simon,El Hage
Simon G,Bott,,,
Simon Henry,Gonzales Jr,,,
Simon Phillip,Stolarczyk,,,
Simone P,Doudna,,,
Sira P,Rao,,,
Sissy S,Wong,2580443,Sissy,Wong
Siu Chun Michael,Ho,,,
Sk  Amjad,Hossain,,,
Snehal Ramesh,Patel,,,
So Hee,Park,2325066,So Hee,Park
Sofia Y,Fonseca,,,
Soledad,Alvarez Velasco,,,
Sonya D,Wade,,,
Sonya M,Stokes,2062733,Sonya,Stokes
Sophia L,Torres,,,
Sophia L.,Torres,,,
Sophia M,Watt,,,
Sriyuta,Thota Spies,,,
Stacey A,Higdon,,,
Stacey A,Tovino,,,
Stacey M,Louie,,,
Stacey M,Templeton,,,
Staci A,Patterson,2525862,Staci,Patterson
Staci A,Smith,,,
Stanko N,Gakovic,,,
Stanko R,Brankovic,,,
Stephan C,Hillerbrand,,,
Stephanie,Bundage Juvane,,,
Stephanie Ann,Cole,,,
Stephanie Bundage,Juvane,,,
Stephanie Diane,Bustamante,,,
Stephanie Diane,Neal,,,
Stephanie Dianne,Spurgin,,,
Stephanie E,Meyers,,,
Stephanie Frances,Kellam,,,
Stephanie K,Daniels,,,
Stephanie L.,Edgar,,,
Stephanie P,Toro,,,
Stephen A,Decker,,,
Stephen C,Barth,,,
Stephen Craig,Pirrong,,,
Stephen Dwight,Elliott,,,
Stephen J,Bryant,,,
Stephen J,Hill,,,
Stephen J,White,,,
Stephen Joel,Winton,,,
Stephen L,Loughhead,,,
Stephen M,Klugewicz,,,
Stephen M,Pondell,,,
Stephen Patrick,Pate,,,
Stephen T,Zamora,,,
Stephen V,Arbogast,,,
Stephen William,Smith,,,
Stevan C,Azcona,,,
Steve P,Liparulo,,,
Steven A.,Long,,,
Steven C,Pennings,,,
Steven D,Busch,,,
Steven Earl,Kirkland,,,
Steven Edward,Niskanen,,,
Steven F.,Koch,,,
Steven G,Craig,,,
Steven H,Deyle,,,
Steven Joseph,Nieto,2181601,Steven,Nieto
Steven L,Baldassano,,,
Steven Lee,Parks,2605495,Steven,Parks
Steven M,Nelson,2388832,Steven,Nelson
Steven M,Wilkerson,,,
Steven Michael,Abbott,,,
Steven P,Brown,,,
Steven Paul,Woods,,,
Steven R,Applewhite,,,
Steven R,Knizner,,,
Steven R,Natenberg,,,
Steven S,Seifen,,,
Steven W.,Wallace,,,
Stewart E,White Jr,,,
Stewart Edward,White Jr,,,
Stuart A,Long,,,
Stuart Andrew,Hall,,,
Stuart E,Dryer,,,
Stuart M,Baxley,,,
Stuart Rolland,Brooks,,,
Stuart Wayne,Stanley,,,
Su Su,Wang,1339129,Su Su,Wang
Sujata Ashok,Sirsat,,,
Sujit Sharad,Sansgiry,,,
Sukran Nilvana,Atadeniz,,,
Sumit K,Pramanick,,,
Summer D,Harlow,,,
Summer D,Ott,,,
Sumood M,Almaowashi,,,
Sung In,Kim,2635075,Sung,Kim
Sung Sil,Lee,,,
Sunni N,Forcier,2373314,Sunni,Forcier
Sunny Chen,Yang,2595814,Sunny,Yang
Suresh K,Khator,1772059,Suresh,Khator
Surizaday,Serrano Aguirre,2582362,Surizaday,Aguirre
Susan B,Brown,,,
Susan E,Scarrow,,,
Susan G,Nash,,,
Susan Hirschhorn,Wheeler,,,
Susan J,Rasmussen,,,
Susan K,Rachlin,,,
Susan L,Miertschin,,,
Susan L,Schroeder,,,
Susan Lynn,Sakmar,,,
Susan M,Abughosh,,,
Susan M,Kellogg,,,
Susan P,Robbins,,,
Susan X,Day,,,
Susana M,Rosas,,,
Susanna S.,Kartye,,,
Susannah Elyse,Parr,,,
Susie L B,Gronseth,1914096,Susie,Gronseth
Suzanne C,Kieffer,,,
Suzanne E,Davanon,,,
Suzanne Kathryn,Oliver,,,
Suzanne Lacombe,Gibson,,,
Suzanne M,Wickum,,,
Svetlana B,Tikunova,,,
Sydney Mae,Parks,,,
Syed M,Jafri,,,
Syed-Saifuddin Tim,Yusuf,,,
Sylvia A,Garcia,,,
Sylvia A,Matthews,,,
Sylvia Arlene,Fernandez,,,
Sylvia Rossana,Perez Vigil De Mostaccero,,,
T Randall,Lee,,,
THONG Q,DANG,,,
Tabbetha Dawn,Lopez,,,
Tabitha Sundrell,Davis,,,
Tae Woo,Lee,,,
Tafesse Gebresen,Borena,,,
Tahseen H,Ali,,,
Tam K,Dao,,,
Tamler S,Sommers,1460876,Tamler,Sommers
Tammi H,Graham,,,
Tamra Kay,Schwartz,,,
Tan Minh,Le,,,
Tanja Swetlana,Hellmann,,,
Tanya G,Bagashka,,,
Tara E,Boening,,,
Tara Kay,Kelly,,,
Tara LaVonne,Sewell-Lasater,,,
Tarcia Lasha,Hubert,,,
Tarfah S,Algasmol,,,
Tasha L,Willis,,,
Tashemia V.,Jones,,,
Tatiana Ines,Ferrer,,,
Tawna L,Roberts,,,
Taylor Adam,Collins,1988629,Taylor,Collins
Taylor Brinley,Mankin,,,
Taylor M,Fayle,,,
Ted L,Estess,,,
Tenesha Nicole,Gale,,,
Terence Hillary,Fontaine,,,
Teresa A,Edgar,,,
Teresa L,Chapman,,,
Teresa L,Tomkins-Walsh,,,
Teresa Lynn,Chapman,,,
Terrell L,Hallmark,,,
Terri Engel,Golas,,,
Terri Horan,Humphries,,,
Terri M,King,,,
Terry D,Kirk,,,
Terry Evander,Grim,,,
Terry L,Collins,,,
Thamar Ivette,Solorio  Martinez,,,
Thamar Ivette,Solorio Martinez,,,
Thanh P,Tran,,,
Theodora K,Batchvarova,,,
Theodora Z,Bishop,,,
Theodore A.,Irving,,,
Theodore Lawrence,Field,,,
Theodore R,Borrego,,,
Theresa J,Rebeck,,,
Theresa Kay,Hickey,,,
Theresa Marie,Fedor Amador,,,
Therese A,Kosten,,,
Thessalenuere H,Bernard,,,
Thien Tu Hieu,Le,,,
Thomandra S,Sam,,,
Thomas A,Calder,,,
Thomas A,Hulten,,,
Thomas A,Vida,,,
Thomas C,Behr,,,
Thomas C,Chen,322515,Thomas,Chen
Thomas C,Joyce,,,
Thomas Christian,Weber,,,
Thomas Craig,Doser,,,
Thomas Edward,Hollis,,,
Thomas F,O Brien,,,
Thomas Garfield,Gibbs,,,
Thomas J,George,,,
Thomas J,Kalakay,,,
Thomas J,Lapen,,,
Thomas J,McSweeney,,,
Thomas James,Hebert,,,
Thomas John,Cardamone,,,
Thomas K,Holley,,,
Thomas M,Mitro,,,
Thomas Mark,Stinnett,,,
Thomas Mason,Murphy,,,
Thomas Michael,Conry,,,
Thomas Michael,Vaughan,,,
Thomas Paul,Orr,,,
Thomas R,Clark,2381238,Thomas,Clark
Thomas R,DeGregori,,,
Thomas R,Noland,,,
Thomas S,Gustafsson,,,
Thomas T C,Hsu,,,
Thomas W,Lattin,,,
Thomas W,Lowder,,,
Thomas W.,Kubiszyn,,,
Thong Quang,Ly,,,
Thuong T,Le,,,
Thuy Ngoc,Vu,,,
Tierra Waynette,Walters,,,
Tierra Waynette Walters,Mackie,,,
Tiffany Angel,Nesbit,,,
Tiffany J,Davis,,,
Tiffany Marie,Bisbey,,,
Timothy Adam,Thrasher,,,
Timothy D,Riley,,,
Timothy Dallas,Saylor,2424627,Timothy,Saylor
Timothy E,Cooper,,,
Timothy E,Hester,,,
Timothy Earl,Butts,2387995,Timothy,Butts
Timothy F,Cooper,,,
Timothy H,Trawick,,,
Timothy J,Jones,1954370,Timothy,Jones
Timothy Neil,Morgan,,,
Timothy R,Quevillon,,,
Timothy Shawn,Braley,,,
Tina Kay,Ortolan,,,
Tobi A,Tabor,,,
Todd Evan,Van Kekerix,,,
Tom Minh,Le,,,
Tom W,So,,,
Tommy Don,McClung,,,
Toni G,Richerson,,,
Toni Leago,Valle,,,
Tonya D.,Chevalier,,,
Tonya Dannell,Chevalier,,,
Tonya G,Ketcham,,,
Tonya N,Inman,,,
Torey Ian,Powell,,,
Torrence E,Sparkman,,,
Tosha Michelle,Perkins,,,
Tracey A,Ledoux,,,
Tracey Lynn,Keller,2144221,Tracey,Keller
Traci M,Bennett,,,
Tracy A,Butler,2598309,Tracy,Butler
Tracy L,McManaman-Bridges,,,
Tracy Louise,Leissner,,,
Tracy Xavia,Karner,,,
Trang A T,Phan,,,
Travis Allan,Webster,,,
Trent A.,Freeman,,,
Trenton Beau,Page,,,
Trevor James,Boffone,,,
Trey Lyndon,Duvall,,,
Triantafillos John,Mountziaris,,,
Tristan Garrett,Whalen,,,
Troy D,Hopkins,,,
Trudy Campbell,Nix,,,
Truong Duy,Nong,,,
Tshepo Morongwa,Chery,,,
Tucker A,Johnson,,,
Tung Thanh,Nguyen,2144571,Tung,Nguyen
Tyler James,Beck,,,
Tyson M,Morgan,1864716,Tyson,Morgan
Tzu Yin,Tseng,,,
Tzu Ying,Ho,,,
Vahid,Vahdat Zad,,,
Valentina Kathe,Jager Lopezllera,,,
Valerie A,MacLin,,,
Valerie Gutmann,Koch,,,
Valerie Nicole,Riojas,,,
Vallabh E,Das,,,
Van Gerard,Garrett,,,
Vanessa Ann,Voss,,,
Vanessa Danielle,Velasquez,,,
Vanessa Janel,Nicholson,,,
Vanessa M,Patrick-Ralhan,,,
Vanessa Marie Hoo,Durner,,,
Vanessa R.,Shippard,,,
Vassilios K,Tzouanas,1942530,Vassilios,Tzouanas
Vegard Mokleiv,Nygaard,2528911,Vegard,Nygaard
Velda Uvette,James,,,
Velvette Ramirez,Laurence,,,
Venkata Krishna Tulasi,Kota,,,
Vera A,Adams,2063379,Vera,Adams 
Vern I,Paulsen,,,
Veronica R,Griffin,,,
Victor B,Flatt,,,
Victor Brian,Wayhan,,,
Victor Filipe,Leal,,,
Victor J,Gallardo,,,
Victor Jaime,Gallardo,,,
Victoria Arrow,Maldonado,2053731,Victoria,Maldonado
Victoria Elaine,Reibel,,,
Victoria Elizabeth,Bennett,,,
Victoria Ellen,Wagner,,,
Victoria Nicolette,Gist,,,
Victoria Rabelo,Gerson,,,
Vincent,Bernard Pagan,,,
Vincent D,Carales,,,
Vincent D,Willis,,,
Vincent H,Tam,,,
Vincent M,Donatelli,2657231,Vincent,Donatelli
Vincent M.,Donnelly,,,
Vinh Thanh,Pham,,,
Virgil Dean,Tiemann,,,
Virginia B,Sisson,,,
Virginia L,Lootens,,,
Virginia Leigh,Hollyer,331526,Virginia Leigh,Hollyer
Virginia Lind,Patterson,,,
Vishakh B,Mantri,,,
Vishnu D,Gupta,,,
Vivian H,Nowazek,,,
Vivian L,Rose,,,
Vivien J,Coulson-Thomas,,,
Vladimir G,Zaitsev,2489699,Vladimir,Zaitsev
Vladimir Stanislavovich,Yushutin,,,
Vu K.,Nguyen,,,
W Andrew,Achenbaum,,,
W Lawrence,Hogue,,,
Wade Mark,Morehead,,,
Wafa Abdel-Raouf,Abdin,,,
Wai Hin,Ng,2060584,Wai ,Ng
Walter Clark,Martin,,,
Walter Jacob,Offen,,,
Walter Lee,Holcombe,,,
Walter Thomas,Champion,,,
Waneta Suzanne,Hebert,,,
Warren A,Whisenant,,,
Warren Christopher,Shea,,,
Wayne A,Brooks,,,
Wayne L,Pierce,,,
Wayne Leslie,Winston,,,
Weixing Ma,Ford,,,
Wendy L,Schultz,,,
Wendy Rae,Nelson,,,
Wendy Sue,Wood,2255697,Wendy,Wood
Wendy W,Fok,1800737,Wendy,Fok
Wendy W,Harrison,,,
Westley Joe,Trevino,,,
Whitney Diane,Grese,,,
Whitney E,Petit,,,
Whitney L,Breslin,,,
Whitney Nicole,Johnson,,,
Whitney Petit,Lorenz,,,
Whitney W,Heard,1684037,Whitney,Heard
Will G,Dickey,,,
Willa H,Friedman,,,
William A,Conklin,,,
William A,Frankino,,,
William A,Lawson,,,
William A,Walker,,,
William Alexander,Alverson,2087883,William,Alverson
William Andrew,McKnight,,,
William Austin,Newman,2710978,William,Newman
William B,Alexander,,,
William B,Knighton,2221230,William,Knighton
William B,Schnapp,,,
William Barousse,Alexander,,,
William Brandon,Houston,,,
William C,Labadie,,,
William C,Truitt,,,
William Clay,McFaden,,,
William E,Fitzgibbon,,,
William F,Monroe,,,
William F,Munson,,,
William G,Rixey,2456722,William,Rixey
William H,Lacey,,,
William H,Paloski,,,
William H,Willis,,,
William Herman,Shaw,,,
William J,Thomas,2272768,William,Thomas
William J,Winslade,,,
William J,Zahn,,,
William John,Lee,,,
William Joseph,Boyce,,,
William K,Hawes,,,
William Leonard,Miller,,,
William Lowell,Doescher,,,
William M,Blackburn,,,
William Melville,Taylor,,,
William O'Neil,Burns,,,
William P,Streng,,,
William R,Bobbora,,,
William R,Ott,,,
William R,Peterson,,,
William R,Widger,,,
William Raymond,Moore III,,,
William Roark,Dupre,,,
William S,Epling,1999452,William ,Epling
William Tay-Haur,Sheu,,,
William W,Russell,,,
William W,Sager,1821631,William,Sager
William Willis,Ishee Jr,,,
Willie Dwayne,Francois III,,,
Willow S,Sauermilch,,,
Wilton T,Adams,2259938,Wilton,Adams
Windy M,Clark,1893140,Windy,Clark
Woo Seok,Kwon,,,
Woodrow W,Witt,,,
Wynne W,Chin,226745,Wynne,Chin
Xavier Martin,Bautista,2341559,Xavier,Bautista
Xiaohong Sharon,Wen,,,
Xochitl M,Rodriguez,,,
Yael R,Loewenstein,,,
Yahya Masoud,Kasraian,2051653,Yahya,Kasraian
Yara D,Suki,,,
Yasemin M,Akay,,,
Yasmine,Al Abdul Raheem,,,
Yea Ji,Kim,2295278,Yea,Kim
Yewande Oluwaseyi,Olapade,,,
Ying,Lin PhD,,,
Yolanda E,Norman,,,
Yolanda E.,Smith,,,
Yolanda Marie,Bridges,,,
Yolanda Yvette,Young,,,
Yona Zvi,Rubinstein,,,
Yonas B,Abraham,2531263,Yonas,Abraham
Yordanis,Morales Utria,,,
Yu Ceng,Liao,,,
Yu Wen,Tou,2135395,Yu Wen,Tou
Yuk-Hi Patrick,Leung,,,
Yuliya S,Summers,,,
Yuri Alexeevich,Kuznetsov,2581671,Yuri,Kuznetsov
Yuzo M,Chino,2308287,Yuzo,Chino
Yvonne Qiyamah,Taylor,,,
Yvonne Wade,Sanchez,,,
Zachary A.,Bray,,,
Zachary B,Averyt,,,
Zachary Benjamin,Averyt,,,
Zachary D,Martin,,,
Zachary Daniel,Kaufman,,,
Zachary Evan,Gresham,,,
Zachary J,Turpin,,,
Zachary J,Zwald,2493777,Zachary,Zwald
Zachary M,Roberts,2150299,Zachary,Roberts
Zachary P,Kilpatrick,1877096,Zachary,Kilpatrick
Zaeed Akbar Ali,Kala,,,
Zandra Elayne,Foley,,,
Zanna Say,Kruoch,,,
Zaven Keith,O'Bryant,,,
Zelda K,Simes,,,
Zenobia Harris,Bivens,,,
Zia Ud,Din,,,
Zoe Aurelia,Gross,,,
Zoe B,Littlepage,,,
Zoe E,McCoy,,,
Zui Lig,Ng,,,
simon,el hage,1714964,Simon,El Hage
